# --------------------------------------------------------
#       t_k              <E(t_k)>       <Pn(t_k)>     State fidelity -->
# --------------------------------------------------------
   0.000000e+00      -0.8284271247    2.000000e+00 0.000000e+00 0.000000e+00 0.000000e+00 0.000000e+00
   5.000000e-04      -0.8229271247    2.000000e+00 0.000000e+00 0.000000e+00 0.000000e+00 0.000000e+00
   1.000000e-03      -0.8174271247    2.000000e+00 0.000000e+00 0.000000e+00 0.000000e+00 0.000000e+00
   1.500000e-03      -0.8119271247    2.000000e+00 0.000000e+00 0.000000e+00 0.000000e+00 0.000000e+00
   2.000000e-03      -0.8064271247    2.000000e+00 0.000000e+00 0.000000e+00 0.000000e+00 0.000000e+00
   2.500000e-03      -0.8009271247    2.000000e+00 0.000000e+00 0.000000e+00 0.000000e+00 0.000000e+00
   3.000000e-03      -0.7954271247    2.000000e+00 2.315162e-36 0.000000e+00 7.418412e-67 1.348549e-35
   3.500000e-03      -0.7899271247    2.000000e+00 1.246443e-34 0.000000e+00 1.899114e-65 7.233563e-34
   4.000000e-03      -0.7844271247    2.000000e+00 1.996637e-33 0.000000e+00 1.439172e-63 1.151529e-32
   4.500000e-03      -0.7789271247    2.000000e+00 1.870841e-32 0.000000e+00 6.238588e-63 1.069920e-31
   5.000000e-03      -0.7734271247    2.000000e+00 1.269858e-31 0.000000e+00 4.436329e-62 7.188558e-31
   5.500000e-03      -0.7679271247    2.000000e+00 6.886650e-31 0.000000e+00 1.853535e-61 3.853437e-30
   6.000000e-03      -0.7624271247    2.000000e+00 3.151737e-30 0.000000e+00 7.778769e-61 1.741085e-29
   6.500000e-03      -0.7569271247    2.000000e+00 1.260066e-29 0.000000e+00 3.461552e-60 6.864745e-29
   7.000000e-03      -0.7514271247    2.000000e+00 4.506668e-29 0.000000e+00 2.629224e-59 2.418834e-28
   7.500000e-03      -0.7459271247    2.000000e+00 1.467093e-28 0.000000e+00 1.051690e-58 7.749889e-28
   8.000000e-03      -0.7404271247    2.000000e+00 4.404772e-28 0.000000e+00 1.692660e-58 2.287785e-27
   8.500000e-03      -0.7349271247    2.000000e+00 1.232399e-27 0.000000e+00 1.443740e-57 6.287180e-27
   9.000000e-03      -0.7294271247    2.000000e+00 3.240160e-27 0.000000e+00 5.774958e-57 1.621929e-26
   9.500000e-03      -0.7239271247    2.000000e+00 8.060274e-27 0.000000e+00 1.035510e-56 3.954672e-26
   1.000000e-02      -0.7184271247    2.000000e+00 1.908062e-26 0.000000e+00 2.437431e-56 9.165775e-26
   1.050000e-02      -0.7129271247    2.000000e+00 4.319210e-26 0.000000e+00 6.770641e-56 2.029107e-25
   1.100000e-02      -0.7074271247    2.000000e+00 9.388460e-26 0.000000e+00 1.408293e-55 4.308379e-25
   1.150000e-02      -0.7019271246    2.000000e+00 1.966656e-25 0.000000e+00 4.307721e-55 8.805453e-25
   1.200000e-02      -0.6964271246    2.000000e+00 3.982671e-25 0.000000e+00 7.060583e-55 1.737711e-24
   1.250000e-02      -0.6909271246    2.000000e+00 7.818741e-25 0.000000e+00 1.305061e-54 3.320401e-24
   1.300000e-02      -0.6854271245    2.000000e+00 1.491707e-24 0.000000e+00 2.487772e-54 6.158231e-24
   1.350000e-02      -0.6799271244    2.000000e+00 2.771833e-24 0.000000e+00 4.323014e-54 1.111037e-23
   1.400000e-02      -0.6744271244    2.000000e+00 5.026233e-24 0.000000e+00 6.402955e-54 1.953751e-23
   1.450000e-02      -0.6689271243    2.000000e+00 8.910076e-24 0.000000e+00 1.582386e-53 3.354755e-23
   1.500000e-02      -0.6634271242    2.000000e+00 1.546614e-23 0.000000e+00 2.234917e-53 5.634030e-23
   1.550000e-02      -0.6579271240    2.000000e+00 2.632568e-23 0.000000e+00 3.197399e-53 9.268357e-23
   1.600000e-02      -0.6524271239    2.000000e+00 4.400011e-23 0.000000e+00 5.872774e-53 1.495621e-22
   1.650000e-02      -0.6469271237    2.000000e+00 7.229947e-23 0.000000e+00 4.241448e-53 2.370514e-22
   1.700000e-02      -0.6414271235    2.000000e+00 1.169256e-22 0.000000e+00 7.373594e-53 3.694845e-22
   1.750000e-02      -0.6359271233    2.000000e+00 1.863048e-22 0.000000e+00 8.156631e-53 5.669959e-22
   1.800000e-02      -0.6304271230    2.000000e+00 2.927444e-22 0.000000e+00 1.305061e-52 8.575535e-22
   1.850000e-02      -0.6249271227    2.000000e+00 4.540263e-22 0.000000e+00 3.262652e-52 1.279618e-21
   1.900000e-02      -0.6194271224    2.000000e+00 6.955821e-22 0.000000e+00 4.280600e-52 1.885610e-21
   1.950000e-02      -0.6139271220    2.000000e+00 1.053440e-21 0.000000e+00 7.621556e-52 2.746408e-21
   2.000000e-02      -0.6084271215    2.000000e+00 1.578188e-21 0.000000e+00 1.305061e-51 3.957173e-21
   2.050000e-02      -0.6029271210    2.000000e+00 2.340258e-21 0.000000e+00 3.184349e-51 5.644840e-21
   2.100000e-02      -0.5974271204    2.000000e+00 3.436940e-21 0.000000e+00 7.026448e-51 7.977743e-21
   2.150000e-02      -0.5919271198    2.000000e+00 5.001598e-21 0.000000e+00 1.156806e-50 1.117788e-20
   2.200000e-02      -0.5864271190    2.000000e+00 7.215739e-21 0.000000e+00 2.490056e-50 1.553647e-20
   2.250000e-02      -0.5809271117    2.000000e+00 1.032468e-20 0.000000e+00 3.474594e-50 2.143363e-20
   2.300000e-02      -0.5754271098    2.000000e+00 1.465778e-20 0.000000e+00 6.736202e-50 2.936292e-20
   2.350000e-02      -0.5699271078    2.000000e+00 2.065441e-20 0.000000e+00 1.070776e-49 3.996196e-20
   2.400000e-02      -0.5644271055    2.000000e+00 2.889710e-20 0.000000e+00 1.503848e-49 5.405014e-20
   2.450000e-02      -0.5589271030    2.000000e+00 4.015353e-20 0.000000e+00 1.761101e-49 7.267493e-20
   2.500000e-02      -0.5534271001    2.000000e+00 5.542960e-20 0.000000e+00 2.447250e-49 9.716804e-20
   2.550000e-02      -0.5479270971    2.000000e+00 7.603598e-20 0.000000e+00 2.973451e-49 1.292134e-19
   2.600000e-02      -0.5424270936    2.000000e+00 1.036712e-19 0.000000e+00 3.984090e-49 1.709285e-19
   2.650000e-02      -0.5369270899    2.000000e+00 1.405250e-19 0.000000e+00 4.999740e-49 2.249616e-19
   2.700000e-02      -0.5314270858    2.000000e+00 1.894062e-19 0.000000e+00 5.855025e-49 2.946068e-19
   2.750000e-02      -0.5259270812    2.000000e+00 2.538998e-19 0.000000e+00 6.013721e-49 3.839398e-19
   2.800000e-02      -0.5204270763    2.000000e+00 3.385608e-19 0.000000e+00 6.884040e-49 4.979779e-19
   2.850000e-02      -0.5149270709    2.000000e+00 4.491495e-19 0.000000e+00 7.725960e-49 6.428678e-19
   2.900000e-02      -0.5094270649    2.000000e+00 5.929197e-19 0.000000e+00 1.053236e-48 8.261051e-19
   2.950000e-02      -0.5039270585    2.000000e+00 7.789671e-19 0.000000e+00 1.173511e-48 1.056792e-18
   3.000000e-02      -0.4984270515    2.000000e+00 1.018651e-18 0.000000e+00 1.809462e-48 1.345937e-18
   3.050000e-02      -0.4929270439    2.000000e+00 1.326105e-18 0.000000e+00 2.060869e-48 1.706812e-18
   3.100000e-02      -0.4874270356    2.000000e+00 1.718844e-18 0.000000e+00 3.274137e-48 2.155361e-18
   3.150000e-02      -0.4819270267    2.000000e+00 2.218504e-18 0.000000e+00 4.896505e-48 2.710689e-18
   3.200000e-02      -0.4764270170    2.000000e+00 2.851712e-18 0.000000e+00 8.221424e-48 3.395629e-18
   3.250000e-02      -0.4709270065    2.000000e+00 3.651134e-18 0.000000e+00 1.193941e-47 4.237410e-18
   3.300000e-02      -0.4654269952    2.000000e+00 4.656714e-18 0.000000e+00 1.841268e-47 5.268441e-18
   3.350000e-02      -0.4599269830    2.000000e+00 5.917148e-18 0.000000e+00 2.704563e-47 6.527225e-18
   3.400000e-02      -0.4544269699    2.000000e+00 7.491621e-18 0.000000e+00 3.743044e-47 8.059428e-18
   3.450000e-02      -0.4489269558    2.000000e+00 9.451860e-18 0.000000e+00 5.072907e-47 9.919121e-18
   3.500000e-02      -0.4434269406    2.000000e+00 1.188455e-17 0.000000e+00 7.210601e-47 1.217022e-17
   3.550000e-02      -0.4379269244    2.000000e+00 1.489415e-17 0.000000e+00 8.921689e-47 1.488817e-17
   3.600000e-02      -0.4324269069    2.000000e+00 1.860622e-17 0.000000e+00 1.213763e-46 1.816180e-17
   3.650000e-02      -0.4269268882    2.000000e+00 2.317128e-17 0.000000e+00 1.645568e-46 2.209558e-17
   3.700000e-02      -0.4214268681    2.000000e+00 2.876930e-17 0.000000e+00 1.871603e-46 2.681206e-17
   3.750000e-02      -0.4159268467    2.000000e+00 3.561492e-17 0.000000e+00 2.619844e-46 3.245468e-17
   3.800000e-02      -0.4104268238    2.000000e+00 4.396352e-17 0.000000e+00 3.193740e-46 3.919097e-17
   3.850000e-02      -0.4049267994    2.000000e+00 5.411819e-17 0.000000e+00 3.966917e-46 4.721606e-17
   3.900000e-02      -0.3994267734    2.000000e+00 6.643779e-17 0.000000e+00 5.303193e-46 5.675670e-17
   3.950000e-02      -0.3939267456    2.000000e+00 8.134623e-17 0.000000e+00 7.095442e-46 6.807566e-17
   4.000000e-02      -0.3884267160    2.000000e+00 9.934313e-17 0.000000e+00 8.156423e-46 8.147667e-17
   4.050000e-02      -0.3829266846    2.000000e+00 1.210160e-16 0.000000e+00 1.058201e-45 9.730990e-17
   4.100000e-02      -0.3774266512    2.000000e+00 1.470543e-16 0.000000e+00 1.341086e-45 1.159781e-16
   4.150000e-02      -0.3719266156    2.000000e+00 1.782652e-16 0.000000e+00 1.659937e-45 1.379432e-16
   4.200000e-02      -0.3664265779    2.000000e+00 2.155919e-16 0.000000e+00 2.080737e-45 1.637341e-16
   4.250000e-02      -0.3609265379    2.000000e+00 2.601342e-16 0.000000e+00 2.523432e-45 1.939549e-16
   4.300000e-02      -0.3554264955    2.000000e+00 3.131722e-16 0.000000e+00 3.148987e-45 2.292945e-16
   4.350000e-02      -0.3499264506    2.000000e+00 3.761927e-16 0.000000e+00 3.845360e-45 2.705370e-16
   4.400000e-02      -0.3444264031    2.000000e+00 4.509194e-16 0.000000e+00 4.925243e-45 3.185737e-16
   4.450000e-02      -0.3389263528    2.000000e+00 5.393473e-16 0.000000e+00 6.218946e-45 3.744164e-16
   4.500000e-02      -0.3334262997    2.000000e+00 6.437809e-16 0.000000e+00 7.983570e-45 4.392124e-16
   4.550000e-02      -0.3279262435    2.000000e+00 7.668777e-16 0.000000e+00 1.038931e-44 5.142618e-16
   4.600000e-02      -0.3224261842    2.000000e+00 9.116975e-16 0.000000e+00 1.248305e-44 6.010362e-16
   4.650000e-02      -0.3169261216    2.000000e+00 1.081757e-15 0.000000e+00 1.655900e-44 7.012005e-16
   4.700000e-02      -0.3114260556    2.000000e+00 1.281091e-15 0.000000e+00 2.169002e-44 8.166372e-16
   4.750000e-02      -0.3059259861    2.000000e+00 1.514323e-15 0.000000e+00 2.697773e-44 9.494727e-16
   4.800000e-02      -0.3004259128    2.000000e+00 1.786742e-15 0.000000e+00 3.207660e-44 1.102108e-15
   4.850000e-02      -0.2949258357    2.000000e+00 2.104387e-15 0.000000e+00 4.008206e-44 1.277253e-15
   4.900000e-02      -0.2894257545    2.000000e+00 2.474146e-15 0.000000e+00 5.049054e-44 1.477961e-15
   4.950000e-02      -0.2839256692    2.000000e+00 2.903863e-15 0.000000e+00 6.033520e-44 1.707672e-15
   5.000000e-02      -0.2784255795    2.000000e+00 3.402455e-15 0.000000e+00 7.221066e-44 1.970254e-15
   5.050000e-02      -0.2729254852    2.000000e+00 3.980049e-15 0.000000e+00 8.556952e-44 2.270055e-15
   5.100000e-02      -0.2674253863    2.000000e+00 4.648122e-15 0.000000e+00 1.002804e-43 2.611953e-15
   5.150000e-02      -0.2619252824    2.000000e+00 5.419670e-15 0.000000e+00 1.190775e-43 3.001415e-15
   5.200000e-02      -0.2564251734    2.000000e+00 6.309387e-15 0.000000e+00 1.398343e-43 3.444557e-15
   5.250000e-02      -0.2509250592    2.000000e+00 7.333857e-15 0.000000e+00 1.587408e-43 3.948211e-15
   5.300000e-02      -0.2454249394    2.000000e+00 8.511781e-15 0.000000e+00 1.804281e-43 4.519995e-15
   5.350000e-02      -0.2399248140    2.000000e+00 9.864211e-15 0.000000e+00 2.074141e-43 5.168394e-15
   5.400000e-02      -0.2344246827    2.000000e+00 1.141482e-14 0.000000e+00 2.372136e-43 5.902837e-15
   5.450000e-02      -0.2289245452    2.000000e+00 1.319019e-14 0.000000e+00 2.695857e-43 6.733794e-15
   5.500000e-02      -0.2234244014    2.000000e+00 1.522012e-14 0.000000e+00 3.127195e-43 7.672866e-15
   5.550000e-02      -0.2179242510    2.000000e+00 1.753801e-14 0.000000e+00 3.654324e-43 8.732895e-15
   5.600000e-02      -0.2124240938    2.000000e+00 2.018119e-14 0.000000e+00 4.127262e-43 9.928082e-15
   5.650000e-02      -0.2069239295    2.000000e+00 2.319139e-14 0.000000e+00 4.841924e-43 1.127411e-14
   5.700000e-02      -0.2014237579    2.000000e+00 2.661516e-14 0.000000e+00 5.402443e-43 1.278827e-14
   5.750000e-02      -0.1959235788    2.000000e+00 3.050440e-14 0.000000e+00 6.590044e-43 1.448965e-14
   5.800000e-02      -0.1904233919    2.000000e+00 3.491687e-14 0.000000e+00 7.968133e-43 1.639927e-14
   5.850000e-02      -0.1849231969    2.000000e+00 3.991680e-14 0.000000e+00 9.469712e-43 1.854028e-14
   5.900000e-02      -0.1794229935    2.000000e+00 4.557554e-14 0.000000e+00 1.122440e-42 2.093817e-14
   5.950000e-02      -0.1739227815    2.000000e+00 5.197224e-14 0.000000e+00 1.338984e-42 2.362098e-14
   6.000000e-02      -0.1684225605    2.000000e+00 5.919462e-14 0.000000e+00 1.628659e-42 2.661959e-14
   6.050000e-02      -0.1629223304    2.000000e+00 6.733981e-14 0.000000e+00 1.936638e-42 2.996793e-14
   6.100000e-02      -0.1574220907    2.000000e+00 7.651518e-14 0.000000e+00 2.329308e-42 3.370336e-14
   6.150000e-02      -0.1519218412    2.000000e+00 8.683939e-14 0.000000e+00 2.806976e-42 3.786691e-14
   6.200000e-02      -0.1464215815    2.000000e+00 9.844336e-14 0.000000e+00 3.260997e-42 4.250369e-14
   6.250000e-02      -0.1409213114    2.000000e+00 1.114714e-13 0.000000e+00 3.853045e-42 4.766327e-14
   6.300000e-02      -0.1354210305    2.000000e+00 1.260825e-13 0.000000e+00 4.639874e-42 5.340005e-14
   6.350000e-02      -0.1299207385    2.000000e+00 1.424514e-13 0.000000e+00 5.303214e-42 5.977371e-14
   6.400000e-02      -0.1244204350    2.000000e+00 1.607703e-13 0.000000e+00 5.925040e-42 6.684972e-14
   6.450000e-02      -0.1189201197    2.000000e+00 1.812501e-13 0.000000e+00 6.690500e-42 7.469974e-14
   6.500000e-02      -0.1134197922    2.000000e+00 2.041223e-13 0.000000e+00 7.690676e-42 8.340224e-14
   6.550000e-02      -0.1079194522    2.000000e+00 2.296402e-13 0.000000e+00 8.808037e-42 9.304298e-14
   6.600000e-02      -0.1024190992    2.000000e+00 2.580813e-13 0.000000e+00 1.002559e-41 1.037156e-13
   6.650000e-02      -0.0969187330    2.000000e+00 2.897490e-13 0.000000e+00 1.133948e-41 1.155222e-13
   6.700000e-02      -0.0914183530    2.000000e+00 3.249746e-13 0.000000e+00 1.287531e-41 1.285742e-13
   6.750000e-02      -0.0859179589    2.000000e+00 3.641197e-13 0.000000e+00 1.464707e-41 1.429926e-13
   6.800000e-02      -0.0804175504    2.000000e+00 4.075784e-13 0.000000e+00 1.664340e-41 1.589090e-13
   6.850000e-02      -0.0749171269    2.000000e+00 4.557803e-13 0.000000e+00 1.922249e-41 1.764666e-13
   6.900000e-02      -0.0694166881    2.000000e+00 5.091924e-13 0.000000e+00 2.213211e-41 1.958203e-13
   6.950000e-02      -0.0639162335    2.000000e+00 5.683227e-13 0.000000e+00 2.588549e-41 2.171384e-13
   7.000000e-02      -0.0584157627    2.000000e+00 6.337226e-13 0.000000e+00 2.995976e-41 2.406029e-13
   7.050000e-02      -0.0529152752    2.000000e+00 7.059908e-13 0.000000e+00 3.517960e-41 2.664112e-13
   7.100000e-02      -0.0474147706    2.000000e+00 7.857759e-13 0.000000e+00 4.064116e-41 2.947765e-13
   7.150000e-02      -0.0419142484    2.000000e+00 8.737807e-13 0.000000e+00 4.737510e-41 3.259296e-13
   7.200000e-02      -0.0364137082    2.000000e+00 9.707655e-13 0.000000e+00 5.365922e-41 3.601200e-13
   7.250000e-02      -0.0309131494    2.000000e+00 1.077552e-12 0.000000e+00 6.189255e-41 3.976175e-13
   7.300000e-02      -0.0254125715    2.000000e+00 1.195029e-12 0.000000e+00 7.133520e-41 4.387135e-13
   7.350000e-02      -0.0199119741    2.000000e+00 1.324155e-12 0.000000e+00 8.183583e-41 4.837233e-13
   7.400000e-02      -0.0144113566    2.000000e+00 1.465963e-12 0.000000e+00 9.411751e-41 5.329874e-13
   7.450000e-02      -0.0089107185    2.000000e+00 1.621566e-12 0.000000e+00 1.081753e-40 5.868739e-13
   7.500000e-02      -0.0034100594    2.000000e+00 1.792163e-12 0.000000e+00 1.237206e-40 6.457804e-13
   7.550000e-02       0.0020906215    2.000000e+00 1.979043e-12 0.000000e+00 1.407331e-40 7.101366e-13
   7.600000e-02       0.0075913245    2.000000e+00 2.183592e-12 0.000000e+00 1.596163e-40 7.804068e-13
   7.650000e-02       0.0130920504    2.000000e+00 2.407297e-12 0.000000e+00 1.835176e-40 8.570922e-13
   7.700000e-02       0.0185927996    2.000000e+00 2.651753e-12 0.000000e+00 2.062074e-40 9.407339e-13
   7.750000e-02       0.0240935727    2.000000e+00 2.918672e-12 0.000000e+00 2.325406e-40 1.031916e-12
   7.800000e-02       0.0295943703    2.000000e+00 3.209885e-12 0.000000e+00 2.607655e-40 1.131268e-12
   7.850000e-02       0.0350951931    2.000000e+00 3.527353e-12 0.000000e+00 2.933338e-40 1.239468e-12
   7.900000e-02       0.0405960416    2.000000e+00 3.873171e-12 0.000000e+00 3.291426e-40 1.357248e-12
   7.950000e-02       0.0460969165    2.000000e+00 4.249580e-12 0.000000e+00 3.675438e-40 1.485394e-12
   8.000000e-02       0.0515978183    2.000000e+00 4.658968e-12 0.000000e+00 4.183997e-40 1.624751e-12
   8.050000e-02       0.0570987478    2.000000e+00 5.103885e-12 0.000000e+00 4.744040e-40 1.776228e-12
   8.100000e-02       0.0625997056    2.000000e+00 5.587047e-12 0.000000e+00 5.328998e-40 1.940800e-12
   8.150000e-02       0.0681006923    2.000000e+00 6.111346e-12 0.000000e+00 6.046687e-40 2.119512e-12
   8.200000e-02       0.0736017087    2.000000e+00 6.679858e-12 0.000000e+00 6.771775e-40 2.313486e-12
   8.250000e-02       0.0791027554    2.000000e+00 7.295854e-12 0.000000e+00 7.593720e-40 2.523920e-12
   8.300000e-02       0.0846038331    2.000000e+00 7.962808e-12 0.000000e+00 8.503079e-40 2.752098e-12
   8.350000e-02       0.0901049425    2.000000e+00 8.684404e-12 0.000000e+00 9.532641e-40 2.999392e-12
   8.400000e-02       0.0956060844    2.000000e+00 9.464553e-12 0.000000e+00 1.072890e-39 3.267269e-12
   8.450000e-02       0.1011072595    2.000000e+00 1.030740e-11 0.000000e+00 1.200108e-39 3.557297e-12
   8.500000e-02       0.1066084684    2.000000e+00 1.121732e-11 0.000000e+00 1.344554e-39 3.871147e-12
   8.550000e-02       0.1121097121    2.000000e+00 1.219896e-11 0.000000e+00 1.521611e-39 4.210605e-12
   8.600000e-02       0.1176109912    2.000000e+00 1.325722e-11 0.000000e+00 1.684394e-39 4.577579e-12
   8.650000e-02       0.1231123065    2.000000e+00 1.439728e-11 0.000000e+00 1.886854e-39 4.974103e-12
   8.700000e-02       0.1286136588    2.000000e+00 1.562462e-11 0.000000e+00 2.092587e-39 5.402348e-12
   8.750000e-02       0.1341150489    2.000000e+00 1.694499e-11 0.000000e+00 2.336469e-39 5.864632e-12
   8.800000e-02       0.1396164776    2.000000e+00 1.836448e-11 0.000000e+00 2.575306e-39 6.363429e-12
   8.850000e-02       0.1451179458    2.000000e+00 1.988949e-11 0.000000e+00 2.851979e-39 6.901379e-12
   8.900000e-02       0.1506194543    2.000000e+00 2.152675e-11 0.000000e+00 3.161385e-39 7.481300e-12
   8.950000e-02       0.1561210039    2.000000e+00 2.328336e-11 0.000000e+00 3.517237e-39 8.106201e-12
   9.000000e-02       0.1616225955    2.000000e+00 2.516675e-11 0.000000e+00 3.912537e-39 8.779291e-12
   9.050000e-02       0.1671242299    2.000000e+00 2.718475e-11 0.000000e+00 4.299453e-39 9.503996e-12
   9.100000e-02       0.1726259081    2.000000e+00 2.934558e-11 0.000000e+00 4.713968e-39 1.028397e-11
   9.150000e-02       0.1781276309    2.000000e+00 3.165782e-11 0.000000e+00 5.195813e-39 1.112312e-11
   9.200000e-02       0.1836293993    2.000000e+00 3.413051e-11 0.000000e+00 5.718251e-39 1.202559e-11
   9.250000e-02       0.1891312141    2.000000e+00 3.677310e-11 0.000000e+00 6.333645e-39 1.299581e-11
   9.300000e-02       0.1946330764    2.000000e+00 3.959546e-11 0.000000e+00 6.981516e-39 1.403851e-11
   9.350000e-02       0.2001349870    2.000000e+00 4.260794e-11 0.000000e+00 7.705449e-39 1.515870e-11
   9.400000e-02       0.2056369470    2.000000e+00 4.582135e-11 0.000000e+00 8.585588e-39 1.636173e-11
   9.450000e-02       0.2111389572    2.000000e+00 4.924697e-11 0.000000e+00 9.507575e-39 1.765327e-11
   9.500000e-02       0.2166410187    2.000000e+00 5.289658e-11 0.000000e+00 1.056431e-38 1.903937e-11
   9.550000e-02       0.2221431325    2.000000e+00 5.678248e-11 0.000000e+00 1.190283e-38 2.052642e-11
   9.600000e-02       0.2276452996    2.000000e+00 6.091748e-11 0.000000e+00 1.325359e-38 2.212122e-11
   9.650000e-02       0.2331475210    2.000000e+00 6.531493e-11 0.000000e+00 1.475363e-38 2.383097e-11
   9.700000e-02       0.2386497978    2.000000e+00 6.998873e-11 0.000000e+00 1.635909e-38 2.566332e-11
   9.750000e-02       0.2441521309    2.000000e+00 7.495334e-11 0.000000e+00 1.817576e-38 2.762633e-11
   9.800000e-02       0.2496545216    2.000000e+00 8.022383e-11 0.000000e+00 2.008350e-38 2.972857e-11
   9.850000e-02       0.2551569707    2.000000e+00 8.581583e-11 0.000000e+00 2.212886e-38 3.197909e-11
   9.900000e-02       0.2606594795    2.000000e+00 9.174560e-11 0.000000e+00 2.457290e-38 3.438746e-11
   9.950000e-02       0.2661620491    2.000000e+00 9.803003e-11 0.000000e+00 2.705134e-38 3.696382e-11
   1.000000e-01       0.2716646805    2.000000e+00 1.046867e-10 0.000000e+00 2.971116e-38 3.971886e-11
   1.005000e-01       0.2771673749    2.000000e+00 1.117337e-10 0.000000e+00 3.251483e-38 4.266390e-11
   1.010000e-01       0.2826701334    2.000000e+00 1.191900e-10 0.000000e+00 3.541855e-38 4.581092e-11
   1.015000e-01       0.2881729573    2.000000e+00 1.270751e-10 0.000000e+00 3.883103e-38 4.917256e-11
   1.020000e-01       0.2936758476    2.000000e+00 1.354094e-10 0.000000e+00 4.250620e-38 5.276221e-11
   1.025000e-01       0.2991788055    2.000000e+00 1.442139e-10 0.000000e+00 4.662445e-38 5.659400e-11
   1.030000e-01       0.3046818323    2.000000e+00 1.535104e-10 0.000000e+00 5.125196e-38 6.068290e-11
   1.035000e-01       0.3101849292    2.000000e+00 1.633214e-10 0.000000e+00 5.633605e-38 6.504472e-11
   1.040000e-01       0.3156880974    2.000000e+00 1.736703e-10 0.000000e+00 6.179614e-38 6.969621e-11
   1.045000e-01       0.3211913381    2.000000e+00 1.845815e-10 0.000000e+00 6.757676e-38 7.465506e-11
   1.050000e-01       0.3266946527    2.000000e+00 1.960798e-10 0.000000e+00 7.320944e-38 7.993998e-11
   1.055000e-01       0.3321980423    2.000000e+00 2.081914e-10 0.000000e+00 7.969137e-38 8.557076e-11
   1.060000e-01       0.3377015082    2.000000e+00 2.209430e-10 0.000000e+00 8.652989e-38 9.156832e-11
   1.065000e-01       0.3432050518    2.000000e+00 2.343625e-10 0.000000e+00 9.330002e-38 9.795478e-11
   1.070000e-01       0.3487086744    2.000000e+00 2.484786e-10 0.000000e+00 1.001144e-37 1.047535e-10
   1.075000e-01       0.3542123772    2.000000e+00 2.633211e-10 0.000000e+00 1.079209e-37 1.119891e-10
   1.080000e-01       0.3597161617    2.000000e+00 2.789208e-10 0.000000e+00 1.154822e-37 1.196878e-10
   1.085000e-01       0.3652200292    2.000000e+00 2.953098e-10 0.000000e+00 1.233874e-37 1.278768e-10
   1.090000e-01       0.3707239810    2.000000e+00 3.125209e-10 0.000000e+00 1.324484e-37 1.365853e-10
   1.095000e-01       0.3762280186    2.000000e+00 3.305883e-10 0.000000e+00 1.421447e-37 1.458438e-10
   1.100000e-01       0.3817321433    2.000000e+00 3.495476e-10 0.000000e+00 1.530390e-37 1.556843e-10
   1.105000e-01       0.3872363566    2.000000e+00 3.694353e-10 0.000000e+00 1.652078e-37 1.661409e-10
   1.110000e-01       0.3927406598    2.000000e+00 3.902894e-10 0.000000e+00 1.772401e-37 1.772490e-10
   1.115000e-01       0.3982450545    2.000000e+00 4.121493e-10 0.000000e+00 1.903190e-37 1.890462e-10
   1.120000e-01       0.4037495421    2.000000e+00 4.350557e-10 0.000000e+00 2.040687e-37 2.015718e-10
   1.125000e-01       0.4092541240    2.000000e+00 4.590509e-10 0.000000e+00 2.194729e-37 2.148672e-10
   1.130000e-01       0.4147588018    2.000000e+00 4.841788e-10 0.000000e+00 2.360828e-37 2.289757e-10
   1.135000e-01       0.4202635769    2.000000e+00 5.104847e-10 0.000000e+00 2.534254e-37 2.439431e-10
   1.140000e-01       0.4257684508    2.000000e+00 5.380160e-10 0.000000e+00 2.712459e-37 2.598171e-10
   1.145000e-01       0.4312734251    2.000000e+00 5.668215e-10 0.000000e+00 2.896402e-37 2.766480e-10
   1.150000e-01       0.4367785014    2.000000e+00 5.969521e-10 0.000000e+00 3.108198e-37 2.944885e-10
   1.155000e-01       0.4422836812    2.000000e+00 6.284607e-10 0.000000e+00 3.308981e-37 3.133940e-10
   1.160000e-01       0.4477889660    2.000000e+00 6.614022e-10 0.000000e+00 3.529529e-37 3.334225e-10
   1.165000e-01       0.4532943575    2.000000e+00 6.958336e-10 0.000000e+00 3.759825e-37 3.546351e-10
   1.170000e-01       0.4587998572    2.000000e+00 7.318143e-10 0.000000e+00 3.995714e-37 3.770956e-10
   1.175000e-01       0.4643054668    2.000000e+00 7.694061e-10 0.000000e+00 4.257896e-37 4.008713e-10
   1.180000e-01       0.4698111880    2.000000e+00 8.086732e-10 0.000000e+00 4.523426e-37 4.260326e-10
   1.185000e-01       0.4753170223    2.000000e+00 8.496825e-10 0.000000e+00 4.801946e-37 4.526538e-10
   1.190000e-01       0.4808229714    2.000000e+00 8.925038e-10 0.000000e+00 5.091211e-37 4.808124e-10
   1.195000e-01       0.4863290370    2.000000e+00 9.372095e-10 0.000000e+00 5.406564e-37 5.105903e-10
   1.200000e-01       0.4918352208    2.000000e+00 9.838754e-10 0.000000e+00 5.728827e-37 5.420732e-10
   1.205000e-01       0.4973415245    2.000000e+00 1.032580e-09 0.000000e+00 6.082389e-37 5.753511e-10
   1.210000e-01       0.5028479498    2.000000e+00 1.083406e-09 0.000000e+00 6.453115e-37 6.105186e-10
   1.215000e-01       0.5083544985    2.000000e+00 1.136438e-09 0.000000e+00 6.856519e-37 6.476749e-10
   1.220000e-01       0.5138611724    2.000000e+00 1.191766e-09 0.000000e+00 7.236709e-37 6.869241e-10
   1.225000e-01       0.5193679730    2.000000e+00 1.249482e-09 0.000000e+00 7.667295e-37 7.283755e-10
   1.230000e-01       0.5248749024    2.000000e+00 1.309684e-09 0.000000e+00 8.161887e-37 7.721437e-10
   1.235000e-01       0.5303819622    2.000000e+00 1.372473e-09 0.000000e+00 8.660152e-37 8.183486e-10
   1.240000e-01       0.5358891543    2.000000e+00 1.437954e-09 0.000000e+00 9.203646e-37 8.671160e-10
   1.245000e-01       0.5413964805    2.000000e+00 1.506236e-09 0.000000e+00 9.764101e-37 9.185776e-10
   1.250000e-01       0.5469039426    2.000000e+00 1.577435e-09 0.000000e+00 1.039871e-36 9.728711e-10
   1.255000e-01       0.5524115425    2.000000e+00 1.651669e-09 0.000000e+00 1.105832e-36 1.030141e-09
   1.260000e-01       0.5579192821    2.000000e+00 1.729063e-09 0.000000e+00 1.179087e-36 1.090537e-09
   1.265000e-01       0.5634271633    2.000000e+00 1.809745e-09 0.000000e+00 1.249452e-36 1.154218e-09
   1.270000e-01       0.5689351879    2.000000e+00 1.893851e-09 0.000000e+00 1.321371e-36 1.221348e-09
   1.275000e-01       0.5744433578    2.000000e+00 1.981521e-09 0.000000e+00 1.400276e-36 1.292099e-09
   1.280000e-01       0.5799516751    2.000000e+00 2.072901e-09 0.000000e+00 1.484650e-36 1.366650e-09
   1.285000e-01       0.5854601416    2.000000e+00 2.168141e-09 0.000000e+00 1.563321e-36 1.445188e-09
   1.290000e-01       0.5909687593    2.000000e+00 2.267401e-09 0.000000e+00 1.656210e-36 1.527909e-09
   1.295000e-01       0.5964775302    2.000000e+00 2.370843e-09 0.000000e+00 1.756566e-36 1.615017e-09
   1.300000e-01       0.6019864562    2.000000e+00 2.478639e-09 0.000000e+00 1.856021e-36 1.706724e-09
   1.305000e-01       0.6074955394    2.000000e+00 2.590965e-09 0.000000e+00 1.963848e-36 1.803252e-09
   1.310000e-01       0.6130047819    2.000000e+00 2.708005e-09 0.000000e+00 2.072071e-36 1.904832e-09
   1.315000e-01       0.6185141855    2.000000e+00 2.829948e-09 0.000000e+00 2.182664e-36 2.011707e-09
   1.320000e-01       0.6240237524    2.000000e+00 2.956992e-09 0.000000e+00 2.292931e-36 2.124129e-09
   1.325000e-01       0.6295334846    2.000000e+00 3.089342e-09 0.000000e+00 2.417622e-36 2.242359e-09
   1.330000e-01       0.6350433842    2.000000e+00 3.227209e-09 0.000000e+00 2.545082e-36 2.366674e-09
   1.335000e-01       0.6405534533    2.000000e+00 3.370812e-09 0.000000e+00 2.666490e-36 2.497360e-09
   1.340000e-01       0.6460636940    2.000000e+00 3.520377e-09 0.000000e+00 2.796498e-36 2.634715e-09
   1.345000e-01       0.6515741085    2.000000e+00 3.676139e-09 0.000000e+00 2.926113e-36 2.779054e-09
   1.350000e-01       0.6570846988    2.000000e+00 3.838338e-09 0.000000e+00 3.058039e-36 2.930701e-09
   1.355000e-01       0.6625954670    2.000000e+00 4.007224e-09 0.000000e+00 3.210862e-36 3.089999e-09
   1.360000e-01       0.6681064155    2.000000e+00 4.183055e-09 0.000000e+00 3.349503e-36 3.257302e-09
   1.365000e-01       0.6736175462    2.000000e+00 4.366094e-09 0.000000e+00 3.518639e-36 3.432981e-09
   1.370000e-01       0.6791288615    2.000000e+00 4.556614e-09 0.000000e+00 3.690779e-36 3.617426e-09
   1.375000e-01       0.6846403636    2.000000e+00 4.754896e-09 0.000000e+00 3.862501e-36 3.811039e-09
   1.380000e-01       0.6901520545    2.000000e+00 4.961228e-09 0.000000e+00 4.050626e-36 4.014244e-09
   1.385000e-01       0.6956639367    2.000000e+00 5.175907e-09 0.000000e+00 4.237528e-36 4.227480e-09
   1.390000e-01       0.7011760123    2.000000e+00 5.399237e-09 0.000000e+00 4.443943e-36 4.451205e-09
   1.395000e-01       0.7066882835    2.000000e+00 5.631529e-09 0.000000e+00 4.665877e-36 4.685898e-09
   1.400000e-01       0.7122007527    2.000000e+00 5.873104e-09 0.000000e+00 4.899780e-36 4.932055e-09
   1.405000e-01       0.7177134222    2.000000e+00 6.124289e-09 0.000000e+00 5.147035e-36 5.190197e-09
   1.410000e-01       0.7232262942    2.000000e+00 6.385420e-09 0.000000e+00 5.378542e-36 5.460860e-09
   1.415000e-01       0.7287393710    2.000000e+00 6.656841e-09 0.000000e+00 5.670340e-36 5.744608e-09
   1.420000e-01       0.7342526551    2.000000e+00 6.938903e-09 0.000000e+00 5.940310e-36 6.042021e-09
   1.425000e-01       0.7397661486    2.000000e+00 7.231964e-09 0.000000e+00 6.269371e-36 6.353707e-09
   1.430000e-01       0.7452798541    2.000000e+00 7.536392e-09 0.000000e+00 6.593995e-36 6.680296e-09
   1.435000e-01       0.7507937738    2.000000e+00 7.852561e-09 0.000000e+00 6.895250e-36 7.022441e-09
   1.440000e-01       0.7563079101    2.000000e+00 8.180852e-09 0.000000e+00 7.219797e-36 7.380822e-09
   1.445000e-01       0.7618222655    2.000000e+00 8.521656e-09 0.000000e+00 7.526220e-36 7.756144e-09
   1.450000e-01       0.7673368422    2.000000e+00 8.875371e-09 0.000000e+00 7.885455e-36 8.149141e-09
   1.455000e-01       0.7728516428    2.000000e+00 9.242402e-09 0.000000e+00 8.257125e-36 8.560572e-09
   1.460000e-01       0.7783666697    2.000000e+00 9.623162e-09 0.000000e+00 8.655496e-36 8.991227e-09
   1.465000e-01       0.7838819254    2.000000e+00 1.001807e-08 0.000000e+00 9.055956e-36 9.441927e-09
   1.470000e-01       0.7893974122    2.000000e+00 1.042756e-08 0.000000e+00 9.449241e-36 9.913522e-09
   1.475000e-01       0.7949131327    2.000000e+00 1.085207e-08 0.000000e+00 9.929128e-36 1.040690e-08
   1.480000e-01       0.8004290893    2.000000e+00 1.129203e-08 0.000000e+00 1.036062e-35 1.092297e-08
   1.485000e-01       0.8059452845    2.000000e+00 1.174792e-08 0.000000e+00 1.079549e-35 1.146269e-08
   1.490000e-01       0.8114617209    2.000000e+00 1.222018e-08 0.000000e+00 1.123866e-35 1.202706e-08
   1.495000e-01       0.8169784009    2.000000e+00 1.270930e-08 0.000000e+00 1.173772e-35 1.261710e-08
   1.500000e-01       0.8224953272    2.000000e+00 1.321574e-08 0.000000e+00 1.228282e-35 1.323388e-08
   1.505000e-01       0.8280125021    2.000000e+00 1.374001e-08 0.000000e+00 1.284908e-35 1.387852e-08
   1.510000e-01       0.8335299284    2.000000e+00 1.428260e-08 0.000000e+00 1.353382e-35 1.455217e-08
   1.515000e-01       0.8390476085    2.000000e+00 1.484403e-08 0.000000e+00 1.421490e-35 1.525603e-08
   1.520000e-01       0.8445655451    2.000000e+00 1.542481e-08 0.000000e+00 1.482864e-35 1.599135e-08
   1.525000e-01       0.8500837407    2.000000e+00 1.602548e-08 0.000000e+00 1.553382e-35 1.675942e-08
   1.530000e-01       0.8556021980    2.000000e+00 1.664659e-08 0.000000e+00 1.628148e-35 1.756160e-08
   1.535000e-01       0.8611209195    2.000000e+00 1.728869e-08 0.000000e+00 1.711548e-35 1.839928e-08
   1.540000e-01       0.8666399079    2.000000e+00 1.795236e-08 0.000000e+00 1.796752e-35 1.927391e-08
   1.545000e-01       0.8721591658    2.000000e+00 1.863818e-08 0.000000e+00 1.887601e-35 2.018700e-08
   1.550000e-01       0.8776786958    2.000000e+00 1.934675e-08 0.000000e+00 1.977898e-35 2.114012e-08
   1.555000e-01       0.8831985007    2.000000e+00 2.007869e-08 0.000000e+00 2.071108e-35 2.213489e-08
   1.560000e-01       0.8887185831    2.000000e+00 2.083463e-08 0.000000e+00 2.166856e-35 2.317298e-08
   1.565000e-01       0.8942389457    2.000000e+00 2.161523e-08 0.000000e+00 2.269930e-35 2.425614e-08
   1.570000e-01       0.8997595911    2.000000e+00 2.242115e-08 0.000000e+00 2.372134e-35 2.538618e-08
   1.575000e-01       0.9052805221    2.000000e+00 2.325308e-08 0.000000e+00 2.494812e-35 2.656497e-08
   1.580000e-01       0.9108017413    2.000000e+00 2.411173e-08 0.000000e+00 2.607026e-35 2.779444e-08
   1.585000e-01       0.9163232516    2.000000e+00 2.499784e-08 0.000000e+00 2.739022e-35 2.907660e-08
   1.590000e-01       0.9218450556    2.000000e+00 2.591216e-08 0.000000e+00 2.854083e-35 3.041352e-08
   1.595000e-01       0.9273671561    2.000000e+00 2.685547e-08 0.000000e+00 2.994633e-35 3.180734e-08
   1.600000e-01       0.9328895558    2.000000e+00 2.782858e-08 0.000000e+00 3.134856e-35 3.326028e-08
   1.605000e-01       0.9384122575    2.000000e+00 2.883230e-08 0.000000e+00 3.282239e-35 3.477464e-08
   1.610000e-01       0.9439352640    2.000000e+00 2.986752e-08 0.000000e+00 3.443987e-35 3.635279e-08
   1.615000e-01       0.9494585780    2.000000e+00 3.093510e-08 0.000000e+00 3.588036e-35 3.799718e-08
   1.620000e-01       0.9549822023    2.000000e+00 3.203598e-08 0.000000e+00 3.738187e-35 3.971034e-08
   1.625000e-01       0.9605061398    2.000000e+00 3.317109e-08 0.000000e+00 3.909198e-35 4.149490e-08
   1.630000e-01       0.9660303932    2.000000e+00 3.434143e-08 0.000000e+00 4.108298e-35 4.335357e-08
   1.635000e-01       0.9715549653    2.000000e+00 3.554800e-08 0.000000e+00 4.316457e-35 4.528916e-08
   1.640000e-01       0.9770798591    2.000000e+00 3.679185e-08 0.000000e+00 4.512209e-35 4.730456e-08
   1.645000e-01       0.9826050773    2.000000e+00 3.807408e-08 0.000000e+00 4.737063e-35 4.940278e-08
   1.650000e-01       0.9881306227    2.000000e+00 3.939579e-08 0.000000e+00 4.980556e-35 5.158692e-08
   1.655000e-01       0.9936564982    2.000000e+00 4.075815e-08 0.000000e+00 5.211205e-35 5.386020e-08
   1.660000e-01       0.9991827067    2.000000e+00 4.216234e-08 0.000000e+00 5.463588e-35 5.622594e-08
   1.665000e-01       1.0047092511    2.000000e+00 4.360961e-08 0.000000e+00 5.735310e-35 5.868758e-08
   1.670000e-01       1.0102361341    2.000000e+00 4.510122e-08 0.000000e+00 6.021327e-35 6.124869e-08
   1.675000e-01       1.0157633588    2.000000e+00 4.663847e-08 0.000000e+00 6.279968e-35 6.391295e-08
   1.680000e-01       1.0212909279    2.000000e+00 4.822273e-08 0.000000e+00 6.568930e-35 6.668417e-08
   1.685000e-01       1.0268188445    2.000000e+00 4.985537e-08 0.000000e+00 6.869373e-35 6.956632e-08
   1.690000e-01       1.0323471113    2.000000e+00 5.153782e-08 0.000000e+00 7.129465e-35 7.256347e-08
   1.695000e-01       1.0378757313    2.000000e+00 5.327153e-08 0.000000e+00 7.475665e-35 7.567984e-08
   1.700000e-01       1.0434047075    2.000000e+00 5.505802e-08 0.000000e+00 7.775860e-35 7.891982e-08
   1.705000e-01       1.0489340427    2.000000e+00 5.689883e-08 0.000000e+00 8.093321e-35 8.228793e-08
   1.710000e-01       1.0544637398    2.000000e+00 5.879552e-08 0.000000e+00 8.368724e-35 8.578883e-08
   1.715000e-01       1.0599938019    2.000000e+00 6.074970e-08 0.000000e+00 8.686851e-35 8.942736e-08
   1.720000e-01       1.0655242319    2.000000e+00 6.276304e-08 0.000000e+00 9.024244e-35 9.320850e-08
   1.725000e-01       1.0710550326    2.000000e+00 6.483720e-08 0.000000e+00 9.303344e-35 9.713742e-08
   1.730000e-01       1.0765862072    2.000000e+00 6.697390e-08 0.000000e+00 9.587961e-35 1.012194e-07
   1.735000e-01       1.0821177584    2.000000e+00 6.917488e-08 0.000000e+00 9.863169e-35 1.054600e-07
   1.740000e-01       1.0876496894    2.000000e+00 7.144194e-08 0.000000e+00 1.013469e-34 1.098649e-07
   1.745000e-01       1.0931820030    2.000000e+00 7.377686e-08 0.000000e+00 1.043891e-34 1.144398e-07
   1.750000e-01       1.0987147023    2.000000e+00 7.618148e-08 0.000000e+00 1.074867e-34 1.191909e-07
   1.755000e-01       1.1042477902    2.000000e+00 7.865766e-08 0.000000e+00 1.106003e-34 1.241243e-07
   1.760000e-01       1.1097812697    2.000000e+00 8.120730e-08 0.000000e+00 1.134207e-34 1.292464e-07
   1.765000e-01       1.1153151438    2.000000e+00 8.383229e-08 0.000000e+00 1.162950e-34 1.345639e-07
   1.770000e-01       1.1208494156    2.000000e+00 8.653457e-08 0.000000e+00 1.198920e-34 1.400835e-07
   1.775000e-01       1.1263840880    2.000000e+00 8.931609e-08 0.000000e+00 1.226753e-34 1.458123e-07
   1.780000e-01       1.1319191640    2.000000e+00 9.217882e-08 0.000000e+00 1.261932e-34 1.517574e-07
   1.785000e-01       1.1374546466    1.999999e+00 9.512476e-08 0.000000e+00 1.302161e-34 1.579264e-07
   1.790000e-01       1.1429905389    1.999999e+00 9.815591e-08 0.000000e+00 1.327871e-34 1.643268e-07
   1.795000e-01       1.1485268439    1.999999e+00 1.012743e-07 0.000000e+00 1.364905e-34 1.709665e-07
   1.800000e-01       1.1540635646    1.999999e+00 1.044820e-07 0.000000e+00 1.401272e-34 1.778538e-07
   1.805000e-01       1.1596007039    1.999999e+00 1.077810e-07 0.000000e+00 1.435815e-34 1.849970e-07
   1.810000e-01       1.1651382650    1.999999e+00 1.111734e-07 0.000000e+00 1.473053e-34 1.924047e-07
   1.815000e-01       1.1706762509    1.999999e+00 1.146613e-07 0.000000e+00 1.507601e-34 2.000859e-07
   1.820000e-01       1.1762146646    1.999999e+00 1.182468e-07 0.000000e+00 1.541305e-34 2.080497e-07
   1.825000e-01       1.1817535091    1.999999e+00 1.219321e-07 0.000000e+00 1.575057e-34 2.163057e-07
   1.830000e-01       1.1872927875    1.999999e+00 1.257192e-07 0.000000e+00 1.609018e-34 2.248636e-07
   1.835000e-01       1.1928325028    1.999999e+00 1.296103e-07 0.000000e+00 1.643041e-34 2.337335e-07
   1.840000e-01       1.1983726581    1.999999e+00 1.336077e-07 0.000000e+00 1.671861e-34 2.429258e-07
   1.845000e-01       1.2039132564    1.999999e+00 1.377134e-07 0.000000e+00 1.712944e-34 2.524512e-07
   1.850000e-01       1.2094543007    1.999999e+00 1.419298e-07 0.000000e+00 1.748152e-34 2.623208e-07
   1.855000e-01       1.2149957941    1.999999e+00 1.462591e-07 0.000000e+00 1.785902e-34 2.725460e-07
   1.860000e-01       1.2205377397    1.999999e+00 1.507036e-07 0.000000e+00 1.824900e-34 2.831385e-07
   1.865000e-01       1.2260801404    1.999999e+00 1.552656e-07 0.000000e+00 1.859434e-34 2.941105e-07
   1.870000e-01       1.2316229994    1.999999e+00 1.599475e-07 0.000000e+00 1.896932e-34 3.054745e-07
   1.875000e-01       1.2371663197    1.999999e+00 1.647516e-07 0.000000e+00 1.947994e-34 3.172433e-07
   1.880000e-01       1.2427101044    1.999999e+00 1.696805e-07 0.000000e+00 1.998908e-34 3.294302e-07
   1.885000e-01       1.2482543564    1.999999e+00 1.747366e-07 0.000000e+00 2.054399e-34 3.420489e-07
   1.890000e-01       1.2537990790    1.999999e+00 1.799224e-07 0.000000e+00 2.111335e-34 3.551134e-07
   1.895000e-01       1.2593442750    1.999999e+00 1.852407e-07 0.000000e+00 2.186309e-34 3.686381e-07
   1.900000e-01       1.2648899476    1.999999e+00 1.906941e-07 0.000000e+00 2.263657e-34 3.826381e-07
   1.905000e-01       1.2704360998    1.999999e+00 1.962852e-07 0.000000e+00 2.327538e-34 3.971286e-07
   1.910000e-01       1.2759827347    1.999999e+00 2.020171e-07 0.000000e+00 2.400888e-34 4.121253e-07
   1.915000e-01       1.2815298553    1.999999e+00 2.078925e-07 0.000000e+00 2.477920e-34 4.276445e-07
   1.920000e-01       1.2870774646    1.999999e+00 2.139145e-07 0.000000e+00 2.559391e-34 4.437027e-07
   1.925000e-01       1.2926255658    1.999999e+00 2.200862e-07 0.000000e+00 2.657141e-34 4.603171e-07
   1.930000e-01       1.2981741618    1.999999e+00 2.264108e-07 0.000000e+00 2.752905e-34 4.775053e-07
   1.935000e-01       1.3037232557    1.999999e+00 2.328915e-07 0.000000e+00 2.830216e-34 4.952854e-07
   1.940000e-01       1.3092728505    1.999998e+00 2.395317e-07 0.000000e+00 2.946224e-34 5.136757e-07
   1.945000e-01       1.3148229492    1.999998e+00 2.463350e-07 0.000000e+00 3.047601e-34 5.326955e-07
   1.950000e-01       1.3203735550    1.999998e+00 2.533050e-07 0.000000e+00 3.156122e-34 5.523644e-07
   1.955000e-01       1.3259246708    1.999998e+00 2.604453e-07 0.000000e+00 3.271166e-34 5.727023e-07
   1.960000e-01       1.3314762996    1.999998e+00 2.677599e-07 0.000000e+00 3.374108e-34 5.937299e-07
   1.965000e-01       1.3370284445    1.999998e+00 2.752526e-07 0.000000e+00 3.490250e-34 6.154686e-07
   1.970000e-01       1.3425811085    1.999998e+00 2.829276e-07 0.000000e+00 3.620979e-34 6.379400e-07
   1.975000e-01       1.3481342947    1.999998e+00 2.907891e-07 0.000000e+00 3.743009e-34 6.611666e-07
   1.980000e-01       1.3536880060    1.999998e+00 2.988414e-07 0.000000e+00 3.897146e-34 6.851715e-07
   1.985000e-01       1.3592422454    1.999998e+00 3.070888e-07 0.000000e+00 3.999179e-34 7.099782e-07
   1.990000e-01       1.3647970160    1.999998e+00 3.155360e-07 0.000000e+00 4.115790e-34 7.356111e-07
   1.995000e-01       1.3703523208    1.999998e+00 3.241876e-07 0.000000e+00 4.219885e-34 7.620952e-07
   2.000000e-01       1.3759081628    1.999998e+00 3.330483e-07 0.000000e+00 4.342746e-34 7.894562e-07
   2.005000e-01       1.3814645450    1.999998e+00 3.421230e-07 0.000000e+00 4.479258e-34 8.177205e-07
   2.010000e-01       1.3870214703    1.999998e+00 3.514167e-07 0.000000e+00 4.577199e-34 8.469153e-07
   2.015000e-01       1.3925789417    1.999998e+00 3.609344e-07 0.000000e+00 4.660784e-34 8.770684e-07
   2.020000e-01       1.3981369623    1.999997e+00 3.706812e-07 0.000000e+00 4.769465e-34 9.082087e-07
   2.025000e-01       1.4036955350    1.999997e+00 3.806623e-07 0.000000e+00 4.900526e-34 9.403655e-07
   2.030000e-01       1.4092546628    1.999997e+00 3.908829e-07 0.000000e+00 4.977668e-34 9.735692e-07
   2.035000e-01       1.4148143485    1.999997e+00 4.013485e-07 0.000000e+00 5.132363e-34 1.007851e-06
   2.040000e-01       1.4203745953    1.999997e+00 4.120643e-07 0.000000e+00 5.263636e-34 1.043243e-06
   2.045000e-01       1.4259354060    1.999997e+00 4.230357e-07 0.000000e+00 5.421711e-34 1.079778e-06
   2.050000e-01       1.4314967835    1.999997e+00 4.342683e-07 0.000000e+00 5.550038e-34 1.117489e-06
   2.055000e-01       1.4370587309    1.999997e+00 4.457675e-07 0.000000e+00 5.682670e-34 1.156412e-06
   2.060000e-01       1.4426212509    1.999997e+00 4.575388e-07 0.000000e+00 5.860385e-34 1.196582e-06
   2.065000e-01       1.4481843467    1.999997e+00 4.695876e-07 0.000000e+00 6.022480e-34 1.238036e-06
   2.070000e-01       1.4537480210    1.999996e+00 4.819195e-07 0.000000e+00 6.180110e-34 1.280811e-06
   2.075000e-01       1.4593122768    1.999996e+00 4.945400e-07 0.000000e+00 6.359368e-34 1.324946e-06
   2.080000e-01       1.4648771170    1.999996e+00 5.074545e-07 0.000000e+00 6.532741e-34 1.370480e-06
   2.085000e-01       1.4704425444    1.999996e+00 5.206685e-07 0.000000e+00 6.725833e-34 1.417453e-06
   2.090000e-01       1.4760085621    1.999996e+00 5.341875e-07 0.000000e+00 6.940596e-34 1.465907e-06
   2.095000e-01       1.4815751728    1.999996e+00 5.480169e-07 0.000000e+00 7.174667e-34 1.515886e-06
   2.100000e-01       1.4871423795    1.999996e+00 5.621620e-07 0.000000e+00 7.377696e-34 1.567431e-06
   2.105000e-01       1.4927101850    1.999996e+00 5.766284e-07 0.000000e+00 7.563314e-34 1.620589e-06
   2.110000e-01       1.4982785922    1.999995e+00 5.914213e-07 0.000000e+00 7.687300e-34 1.675404e-06
   2.115000e-01       1.5038476039    1.999995e+00 6.065460e-07 0.000000e+00 7.891094e-34 1.731924e-06
   2.120000e-01       1.5094172229    1.999995e+00 6.220081e-07 0.000000e+00 8.076880e-34 1.790196e-06
   2.125000e-01       1.5149874522    1.999995e+00 6.378127e-07 0.000000e+00 8.228725e-34 1.850271e-06
   2.130000e-01       1.5205582944    1.999995e+00 6.539652e-07 0.000000e+00 8.344511e-34 1.912198e-06
   2.135000e-01       1.5261297525    1.999995e+00 6.704709e-07 0.000000e+00 8.489538e-34 1.976028e-06
   2.140000e-01       1.5317018292    1.999995e+00 6.873354e-07 0.000000e+00 8.703419e-34 2.041816e-06
   2.145000e-01       1.5372745272    1.999994e+00 7.045638e-07 0.000000e+00 8.911459e-34 2.109615e-06
   2.150000e-01       1.5428478494    1.999994e+00 7.221618e-07 0.000000e+00 9.069534e-34 2.179481e-06
   2.155000e-01       1.5484217985    1.999994e+00 7.401349e-07 0.000000e+00 9.239297e-34 2.251470e-06
   2.160000e-01       1.5539963774    1.999994e+00 7.584886e-07 0.000000e+00 9.417591e-34 2.325641e-06
   2.165000e-01       1.5595715886    1.999994e+00 7.772287e-07 0.000000e+00 9.513276e-34 2.402054e-06
   2.170000e-01       1.5651474350    1.999993e+00 7.963610e-07 0.000000e+00 9.660279e-34 2.480770e-06
   2.175000e-01       1.5707239193    1.999993e+00 8.158915e-07 0.000000e+00 9.830180e-34 2.561852e-06
   2.180000e-01       1.5763010441    1.999993e+00 8.358263e-07 0.000000e+00 1.003963e-33 2.645365e-06
   2.185000e-01       1.5818788123    1.999993e+00 8.561716e-07 0.000000e+00 1.013012e-33 2.731374e-06
   2.190000e-01       1.5874572265    1.999993e+00 8.769340e-07 0.000000e+00 1.036663e-33 2.819947e-06
   2.195000e-01       1.5930362894    1.999992e+00 8.981200e-07 0.000000e+00 1.057481e-33 2.911153e-06
   2.200000e-01       1.5986160036    1.999992e+00 9.197366e-07 0.000000e+00 1.087298e-33 3.005064e-06
   2.205000e-01       1.6041963719    1.999992e+00 9.417908e-07 0.000000e+00 1.113843e-33 3.101753e-06
   2.210000e-01       1.6097773969    1.999992e+00 9.642901e-07 0.000000e+00 1.153175e-33 3.201294e-06
   2.215000e-01       1.6153590812    1.999991e+00 9.872420e-07 0.000000e+00 1.182797e-33 3.303763e-06
   2.220000e-01       1.6209414275    1.999991e+00 1.010654e-06 0.000000e+00 1.217145e-33 3.409240e-06
   2.225000e-01       1.6265244383    1.999991e+00 1.034535e-06 0.000000e+00 1.237763e-33 3.517804e-06
   2.230000e-01       1.6321081163    1.999991e+00 1.058893e-06 0.000000e+00 1.261967e-33 3.629538e-06
   2.235000e-01       1.6376924640    1.999990e+00 1.083737e-06 0.000000e+00 1.283945e-33 3.744526e-06
   2.240000e-01       1.6432774839    1.999990e+00 1.109075e-06 0.000000e+00 1.320621e-33 3.862854e-06
   2.245000e-01       1.6488631788    1.999990e+00 1.134917e-06 0.000000e+00 1.355122e-33 3.984610e-06
   2.250000e-01       1.6544495509    1.999989e+00 1.161272e-06 0.000000e+00 1.370826e-33 4.109885e-06
   2.255000e-01       1.6600366030    1.999989e+00 1.188150e-06 0.000000e+00 1.396894e-33 4.238771e-06
   2.260000e-01       1.6656243374    1.999989e+00 1.215561e-06 0.000000e+00 1.411278e-33 4.371363e-06
   2.265000e-01       1.6712127567    1.999988e+00 1.243515e-06 0.000000e+00 1.423932e-33 4.507757e-06
   2.270000e-01       1.6768018633    1.999988e+00 1.272022e-06 0.000000e+00 1.443064e-33 4.648052e-06
   2.275000e-01       1.6823916597    1.999988e+00 1.301093e-06 0.000000e+00 1.457745e-33 4.792350e-06
   2.280000e-01       1.6879821484    1.999987e+00 1.330738e-06 0.000000e+00 1.466100e-33 4.940754e-06
   2.285000e-01       1.6935733317    1.999987e+00 1.360968e-06 0.000000e+00 1.482293e-33 5.093370e-06
   2.290000e-01       1.6991652122    1.999987e+00 1.391794e-06 0.000000e+00 1.484532e-33 5.250305e-06
   2.295000e-01       1.7047577923    1.999986e+00 1.423227e-06 0.000000e+00 1.485543e-33 5.411670e-06
   2.300000e-01       1.7103510742    1.999986e+00 1.455277e-06 0.000000e+00 1.485322e-33 5.577579e-06
   2.305000e-01       1.7159450605    1.999986e+00 1.487957e-06 0.000000e+00 1.505221e-33 5.748146e-06
   2.310000e-01       1.7215397536    1.999985e+00 1.521275e-06 0.000000e+00 1.527684e-33 5.923490e-06
   2.315000e-01       1.7271351557    1.999985e+00 1.555244e-06 0.000000e+00 1.547056e-33 6.103731e-06
   2.320000e-01       1.7327312692    1.999984e+00 1.589874e-06 0.000000e+00 1.566099e-33 6.288993e-06
   2.325000e-01       1.7383280965    1.999984e+00 1.625176e-06 0.000000e+00 1.579958e-33 6.479402e-06
   2.330000e-01       1.7439256398    1.999983e+00 1.661159e-06 0.000000e+00 1.598402e-33 6.675086e-06
   2.335000e-01       1.7495239014    1.999983e+00 1.697836e-06 0.000000e+00 1.628260e-33 6.876177e-06
   2.340000e-01       1.7551228837    1.999982e+00 1.735215e-06 0.000000e+00 1.663842e-33 7.082810e-06
   2.345000e-01       1.7607225888    1.999982e+00 1.773307e-06 0.000000e+00 1.690796e-33 7.295122e-06
   2.350000e-01       1.7663230190    1.999981e+00 1.812121e-06 0.000000e+00 1.711123e-33 7.513255e-06
   2.355000e-01       1.7719241766    1.999981e+00 1.851668e-06 0.000000e+00 1.743049e-33 7.737350e-06
   2.360000e-01       1.7775260636    1.999980e+00 1.891956e-06 0.000000e+00 1.775273e-33 7.967557e-06
   2.365000e-01       1.7831286824    1.999980e+00 1.932996e-06 0.000000e+00 1.826811e-33 8.204024e-06
   2.370000e-01       1.7887320351    1.999979e+00 1.974795e-06 0.000000e+00 1.854660e-33 8.446907e-06
   2.375000e-01       1.7943361238    1.999979e+00 2.017363e-06 0.000000e+00 1.878782e-33 8.696360e-06
   2.380000e-01       1.7999409506    1.999978e+00 2.060710e-06 0.000000e+00 1.917901e-33 8.952546e-06
   2.385000e-01       1.8055465179    1.999977e+00 2.104842e-06 0.000000e+00 1.918269e-33 9.215629e-06
   2.390000e-01       1.8111528275    1.999977e+00 2.149771e-06 0.000000e+00 1.954107e-33 9.485775e-06
   2.395000e-01       1.8167598818    1.999976e+00 2.195503e-06 0.000000e+00 1.947935e-33 9.763157e-06
   2.400000e-01       1.8223676826    1.999975e+00 2.242048e-06 0.000000e+00 1.947524e-33 1.004795e-05
   2.405000e-01       1.8279762323    1.999975e+00 2.289414e-06 0.000000e+00 1.944667e-33 1.034033e-05
   2.410000e-01       1.8335855328    1.999974e+00 2.337610e-06 0.000000e+00 1.947571e-33 1.064049e-05
   2.415000e-01       1.8391955861    1.999973e+00 2.386646e-06 0.000000e+00 1.958526e-33 1.094860e-05
   2.420000e-01       1.8448063944    1.999973e+00 2.436530e-06 0.000000e+00 1.945972e-33 1.126487e-05
   2.425000e-01       1.8504179596    1.999972e+00 2.487272e-06 0.000000e+00 1.942340e-33 1.158948e-05
   2.430000e-01       1.8560302837    1.999971e+00 2.538881e-06 0.000000e+00 1.930799e-33 1.192263e-05
   2.435000e-01       1.8616433687    1.999970e+00 2.591368e-06 0.000000e+00 1.937100e-33 1.226453e-05
   2.440000e-01       1.8672572165    1.999969e+00 2.644744e-06 0.000000e+00 1.941959e-33 1.261539e-05
   2.445000e-01       1.8728718291    1.999969e+00 2.699018e-06 0.000000e+00 1.974919e-33 1.297541e-05
   2.450000e-01       1.8784872085    1.999968e+00 2.754203e-06 0.000000e+00 1.995556e-33 1.334481e-05
   2.455000e-01       1.8841033563    1.999967e+00 2.810310e-06 0.000000e+00 2.022932e-33 1.372382e-05
   2.460000e-01       1.8897202746    1.999966e+00 2.867351e-06 0.000000e+00 2.044479e-33 1.411265e-05
   2.465000e-01       1.8953379652    1.999965e+00 2.925341e-06 0.000000e+00 2.053600e-33 1.451155e-05
   2.470000e-01       1.9009564299    1.999964e+00 2.984291e-06 0.000000e+00 2.074748e-33 1.492073e-05
   2.475000e-01       1.9065756706    1.999963e+00 3.044216e-06 0.000000e+00 2.102583e-33 1.534044e-05
   2.480000e-01       1.9121956889    1.999962e+00 3.105130e-06 0.000000e+00 2.142562e-33 1.577093e-05
   2.485000e-01       1.9178164868    1.999961e+00 3.167049e-06 0.000000e+00 2.127269e-33 1.621244e-05
   2.490000e-01       1.9234380659    1.999960e+00 3.229988e-06 0.000000e+00 2.130231e-33 1.666522e-05
   2.495000e-01       1.9290604280    1.999959e+00 3.293962e-06 0.000000e+00 2.129479e-33 1.712954e-05
   2.500000e-01       1.9346835749    1.999958e+00 3.358988e-06 0.000000e+00 2.140340e-33 1.760566e-05
   2.505000e-01       1.9403075083    1.999957e+00 3.425083e-06 0.000000e+00 2.114820e-33 1.809385e-05
   2.510000e-01       1.9459322299    1.999956e+00 3.492263e-06 0.000000e+00 2.117394e-33 1.859439e-05
   2.515000e-01       1.9515577414    1.999955e+00 3.560545e-06 0.000000e+00 2.127374e-33 1.910754e-05
   2.520000e-01       1.9571840445    1.999953e+00 3.629947e-06 0.000000e+00 2.131997e-33 1.963361e-05
   2.525000e-01       1.9628111407    1.999952e+00 3.700487e-06 0.000000e+00 2.063275e-33 2.017288e-05
   2.530000e-01       1.9684390318    1.999951e+00 3.772180e-06 0.000000e+00 1.999086e-33 2.072564e-05
   2.535000e-01       1.9740677193    1.999950e+00 3.845045e-06 0.000000e+00 1.994300e-33 2.129221e-05
   2.540000e-01       1.9796972049    1.999948e+00 3.919098e-06 0.000000e+00 1.896307e-33 2.187290e-05
   2.545000e-01       1.9853274902    1.999947e+00 3.994357e-06 0.000000e+00 1.821981e-33 2.246801e-05
   2.550000e-01       1.9909585765    1.999946e+00 4.070838e-06 0.000000e+00 1.758634e-33 2.307787e-05
   2.555000e-01       1.9965904656    1.999944e+00 4.148556e-06 0.000000e+00 1.687222e-33 2.370281e-05
   2.560000e-01       2.0022231590    1.999943e+00 4.227528e-06 0.000000e+00 1.565241e-33 2.434316e-05
   2.565000e-01       2.0078566580    1.999941e+00 4.307769e-06 0.000000e+00 1.513708e-33 2.499927e-05
   2.570000e-01       2.0134909642    1.999940e+00 4.389294e-06 0.000000e+00 1.423994e-33 2.567148e-05
   2.575000e-01       2.0191260792    1.999938e+00 4.472115e-06 0.000000e+00 1.330942e-33 2.636015e-05
   2.580000e-01       2.0247620042    1.999937e+00 4.556248e-06 0.000000e+00 1.281289e-33 2.706564e-05
   2.585000e-01       2.0303987409    1.999935e+00 4.641705e-06 0.000000e+00 1.189706e-33 2.778832e-05
   2.590000e-01       2.0360362906    1.999933e+00 4.728499e-06 0.000000e+00 1.124537e-33 2.852857e-05
   2.595000e-01       2.0416746547    1.999932e+00 4.816641e-06 0.000000e+00 1.060496e-33 2.928676e-05
   2.600000e-01       2.0473138347    1.999930e+00 4.906142e-06 0.000000e+00 1.003966e-33 3.006330e-05
   2.605000e-01       2.0529538320    1.999928e+00 4.997014e-06 0.000000e+00 9.562830e-34 3.085858e-05
   2.610000e-01       2.0585946479    1.999926e+00 5.089267e-06 0.000000e+00 9.079770e-34 3.167300e-05
   2.615000e-01       2.0642362838    1.999925e+00 5.182912e-06 0.000000e+00 8.554572e-34 3.250698e-05
   2.620000e-01       2.0698787411    1.999923e+00 5.277957e-06 0.000000e+00 8.042262e-34 3.336094e-05
   2.625000e-01       2.0755220212    1.999921e+00 5.374414e-06 0.000000e+00 7.449813e-34 3.423530e-05
   2.630000e-01       2.0811661252    1.999919e+00 5.472291e-06 0.000000e+00 7.073655e-34 3.513052e-05
   2.635000e-01       2.0868110546    1.999917e+00 5.571599e-06 0.000000e+00 6.775079e-34 3.604703e-05
   2.640000e-01       2.0924568106    1.999915e+00 5.672348e-06 0.000000e+00 6.441709e-34 3.698529e-05
   2.645000e-01       2.0981033945    1.999913e+00 5.774548e-06 0.000000e+00 6.193445e-34 3.794575e-05
   2.650000e-01       2.1037508076    1.999910e+00 5.878209e-06 0.000000e+00 5.830922e-34 3.892890e-05
   2.655000e-01       2.1093990510    1.999908e+00 5.983344e-06 0.000000e+00 5.514479e-34 3.993521e-05
   2.660000e-01       2.1150481259    1.999906e+00 6.089965e-06 0.000000e+00 5.403983e-34 4.096517e-05
   2.665000e-01       2.1206980337    1.999904e+00 6.198083e-06 0.000000e+00 4.940015e-34 4.201927e-05
   2.670000e-01       2.1263487754    1.999901e+00 6.307712e-06 0.000000e+00 4.845975e-34 4.309803e-05
   2.675000e-01       2.1320003522    1.999899e+00 6.418867e-06 0.000000e+00 4.755609e-34 4.420196e-05
   2.680000e-01       2.1376527653    1.999896e+00 6.531563e-06 0.000000e+00 4.625107e-34 4.533159e-05
   2.685000e-01       2.1433060158    1.999894e+00 6.645817e-06 0.000000e+00 4.675589e-34 4.648745e-05
   2.690000e-01       2.1489601048    1.999891e+00 6.761644e-06 0.000000e+00 4.713380e-34 4.767009e-05
   2.695000e-01       2.1546150335    1.999888e+00 6.879064e-06 0.000000e+00 4.892995e-34 4.888006e-05
   2.700000e-01       2.1602708029    1.999886e+00 6.998095e-06 0.000000e+00 5.230950e-34 5.011793e-05
   2.705000e-01       2.1659274140    1.999883e+00 7.118758e-06 0.000000e+00 5.576545e-34 5.138428e-05
   2.710000e-01       2.1715848680    1.999880e+00 7.241073e-06 0.000000e+00 5.345208e-34 5.267969e-05
   2.715000e-01       2.1772431659    1.999877e+00 7.365062e-06 0.000000e+00 5.484386e-34 5.400477e-05
   2.720000e-01       2.1829023086    1.999874e+00 7.490746e-06 0.000000e+00 5.915088e-34 5.536011e-05
   2.725000e-01       2.1885622972    1.999871e+00 7.618148e-06 0.000000e+00 6.326981e-34 5.674634e-05
   2.730000e-01       2.1942231327    1.999868e+00 7.747291e-06 0.000000e+00 6.567722e-34 5.816409e-05
   2.735000e-01       2.1998848159    1.999865e+00 7.878199e-06 0.000000e+00 6.726179e-34 5.961400e-05
   2.740000e-01       2.2055473480    1.999862e+00 8.010893e-06 0.000000e+00 6.870529e-34 6.109673e-05
   2.745000e-01       2.2112107297    1.999858e+00 8.145398e-06 0.000000e+00 6.592290e-34 6.261293e-05
   2.750000e-01       2.2168749621    1.999855e+00 8.281735e-06 0.000000e+00 6.471919e-34 6.416330e-05
   2.755000e-01       2.2225400460    1.999852e+00 8.419927e-06 0.000000e+00 6.384308e-34 6.574851e-05
   2.760000e-01       2.2282059825    1.999848e+00 8.559996e-06 0.000000e+00 6.038074e-34 6.736928e-05
   2.765000e-01       2.2338727723    1.999845e+00 8.701961e-06 0.000000e+00 5.283142e-34 6.902631e-05
   2.770000e-01       2.2395404165    1.999841e+00 8.845844e-06 0.000000e+00 5.089891e-34 7.072032e-05
   2.775000e-01       2.2452089159    1.999837e+00 8.991662e-06 0.000000e+00 4.835984e-34 7.245207e-05
   2.780000e-01       2.2508782715    1.999833e+00 9.139434e-06 0.000000e+00 4.485686e-34 7.422230e-05
   2.785000e-01       2.2565484841    1.999829e+00 9.289175e-06 0.000000e+00 4.380362e-34 7.603178e-05
   2.790000e-01       2.2622195546    1.999825e+00 9.440901e-06 0.000000e+00 4.092601e-34 7.788128e-05
   2.795000e-01       2.2678914839    1.999821e+00 9.594626e-06 0.000000e+00 3.838694e-34 7.977160e-05
   2.800000e-01       2.2735642729    1.999817e+00 9.750362e-06 0.000000e+00 3.705158e-34 8.170354e-05
   2.805000e-01       2.2792379224    1.999813e+00 9.908122e-06 0.000000e+00 4.211561e-34 8.367792e-05
   2.810000e-01       2.2849124333    1.999808e+00 1.006791e-05 0.000000e+00 4.723136e-34 8.569558e-05
   2.815000e-01       2.2905878064    1.999804e+00 1.022975e-05 0.000000e+00 5.613338e-34 8.775737e-05
   2.820000e-01       2.2962640424    1.999799e+00 1.039364e-05 0.000000e+00 6.626144e-34 8.986413e-05
   2.825000e-01       2.3019411422    1.999795e+00 1.055958e-05 0.000000e+00 7.621969e-34 9.201676e-05
   2.830000e-01       2.3076191066    1.999790e+00 1.072759e-05 0.000000e+00 9.079078e-34 9.421614e-05
   2.835000e-01       2.3132979364    1.999785e+00 1.089767e-05 0.000000e+00 1.071534e-33 9.646318e-05
   2.840000e-01       2.3189776323    1.999780e+00 1.106984e-05 0.000000e+00 1.271650e-33 9.875881e-05
   2.845000e-01       2.3246581952    1.999775e+00 1.124409e-05 0.000000e+00 1.484320e-33 1.011039e-04
   2.850000e-01       2.3303396258    1.999770e+00 1.142043e-05 0.000000e+00 1.694593e-33 1.034996e-04
   2.855000e-01       2.3360219250    1.999765e+00 1.159887e-05 0.000000e+00 1.966743e-33 1.059466e-04
   2.860000e-01       2.3417050935    1.999760e+00 1.177942e-05 0.000000e+00 2.155010e-33 1.084461e-04
   2.865000e-01       2.3473891321    1.999754e+00 1.196210e-05 0.000000e+00 2.425844e-33 1.109991e-04
   2.870000e-01       2.3530740417    1.999748e+00 1.214690e-05 0.000000e+00 2.520636e-33 1.136065e-04
   2.875000e-01       2.3587598231    1.999743e+00 1.233384e-05 0.000000e+00 2.709514e-33 1.162693e-04
   2.880000e-01       2.3644464769    1.999737e+00 1.252294e-05 0.000000e+00 2.904882e-33 1.189888e-04
   2.885000e-01       2.3701340041    1.999731e+00 1.271421e-05 0.000000e+00 2.928685e-33 1.217659e-04
   2.890000e-01       2.3758224053    1.999725e+00 1.290767e-05 0.000000e+00 3.179278e-33 1.246016e-04
   2.895000e-01       2.3815116813    1.999719e+00 1.310333e-05 0.000000e+00 3.268065e-33 1.274973e-04
   2.900000e-01       2.3872018328    1.999712e+00 1.330121e-05 0.000000e+00 3.301552e-33 1.304539e-04
   2.905000e-01       2.3928928605    1.999706e+00 1.350135e-05 0.000000e+00 3.341037e-33 1.334726e-04
   2.910000e-01       2.3985847650    1.999699e+00 1.370375e-05 0.000000e+00 3.325238e-33 1.365545e-04
   2.915000e-01       2.4042775471    1.999693e+00 1.390845e-05 0.000000e+00 3.327683e-33 1.397010e-04
   2.920000e-01       2.4099712074    1.999686e+00 1.411547e-05 0.000000e+00 3.342166e-33 1.429131e-04
   2.925000e-01       2.4156657464    1.999679e+00 1.432483e-05 0.000000e+00 3.224804e-33 1.461921e-04
   2.930000e-01       2.4213611648    1.999672e+00 1.453657e-05 0.000000e+00 3.092396e-33 1.495393e-04
   2.935000e-01       2.4270574632    1.999665e+00 1.475071e-05 0.000000e+00 3.046129e-33 1.529559e-04
   2.940000e-01       2.4327546423    1.999657e+00 1.496727e-05 0.000000e+00 2.882312e-33 1.564432e-04
   2.945000e-01       2.4384527027    1.999650e+00 1.518629e-05 0.000000e+00 3.061175e-33 1.600025e-04
   2.950000e-01       2.4441516451    1.999642e+00 1.540779e-05 0.000000e+00 2.989059e-33 1.636352e-04
   2.955000e-01       2.4498514702    1.999634e+00 1.563179e-05 0.000000e+00 2.868233e-33 1.673426e-04
   2.960000e-01       2.4555521787    1.999626e+00 1.585833e-05 0.000000e+00 2.924939e-33 1.711260e-04
   2.965000e-01       2.4612537713    1.999618e+00 1.608741e-05 0.000000e+00 2.976963e-33 1.749870e-04
   2.970000e-01       2.4669562488    1.999610e+00 1.631907e-05 0.000000e+00 3.002918e-33 1.789268e-04
   2.975000e-01       2.4726596119    1.999601e+00 1.655332e-05 0.000000e+00 2.910712e-33 1.829471e-04
   2.980000e-01       2.4783638615    1.999592e+00 1.679017e-05 0.000000e+00 3.004187e-33 1.870491e-04
   2.985000e-01       2.4840689983    1.999583e+00 1.702965e-05 0.000000e+00 2.940052e-33 1.912344e-04
   2.990000e-01       2.4897750231    1.999574e+00 1.727176e-05 0.000000e+00 2.998733e-33 1.955045e-04
   2.995000e-01       2.4954819367    1.999565e+00 1.751652e-05 0.000000e+00 2.997981e-33 1.998611e-04
   3.000000e-01       2.5011897398    1.999556e+00 1.776393e-05 0.000000e+00 3.024500e-33 2.043055e-04
   3.005000e-01       2.5068984332    1.999546e+00 1.801399e-05 0.000000e+00 3.090704e-33 2.088394e-04
   3.010000e-01       2.5126080176    1.999537e+00 1.826671e-05 0.000000e+00 3.079231e-33 2.134645e-04
   3.015000e-01       2.5183184939    1.999527e+00 1.852209e-05 0.000000e+00 2.991598e-33 2.181823e-04
   3.020000e-01       2.5240298627    1.999516e+00 1.878013e-05 0.000000e+00 3.088685e-33 2.229946e-04
   3.025000e-01       2.5297421248    1.999506e+00 1.904084e-05 0.000000e+00 3.100308e-33 2.279029e-04
   3.030000e-01       2.5354552811    1.999496e+00 1.930420e-05 0.000000e+00 3.009266e-33 2.329091e-04
   3.035000e-01       2.5411693323    1.999485e+00 1.957022e-05 0.000000e+00 2.962058e-33 2.380149e-04
   3.040000e-01       2.5468842792    1.999474e+00 1.983890e-05 0.000000e+00 3.076974e-33 2.432221e-04
   3.045000e-01       2.5526001228    1.999463e+00 2.011023e-05 0.000000e+00 2.918988e-33 2.485324e-04
   3.050000e-01       2.5583168640    1.999451e+00 2.038422e-05 0.000000e+00 2.925758e-33 2.539476e-04
   3.055000e-01       2.5640345035    1.999440e+00 2.066086e-05 0.000000e+00 3.257530e-33 2.594698e-04
   3.060000e-01       2.5697530424    1.999428e+00 2.094016e-05 0.000000e+00 3.095030e-33 2.651006e-04
   3.065000e-01       2.5754724817    1.999416e+00 2.122213e-05 0.000000e+00 3.261480e-33 2.708421e-04
   3.070000e-01       2.5811928223    1.999404e+00 2.150677e-05 0.000000e+00 3.615821e-33 2.766963e-04
   3.075000e-01       2.5869140651    1.999391e+00 2.179410e-05 0.000000e+00 3.392383e-33 2.826650e-04
   3.080000e-01       2.5926362111    1.999378e+00 2.208412e-05 0.000000e+00 3.397884e-33 2.887503e-04
   3.085000e-01       2.5983592613    1.999365e+00 2.237685e-05 0.000000e+00 3.371274e-33 2.949543e-04
   3.090000e-01       2.6040832167    1.999352e+00 2.267231e-05 0.000000e+00 3.327683e-33 3.012790e-04
   3.095000e-01       2.6098080780    1.999339e+00 2.297052e-05 0.000000e+00 3.197345e-33 3.077265e-04
   3.100000e-01       2.6155338464    1.999325e+00 2.327151e-05 0.000000e+00 3.108007e-33 3.142991e-04
   3.105000e-01       2.6212605227    1.999311e+00 2.357529e-05 0.000000e+00 2.870839e-33 3.209988e-04
   3.110000e-01       2.6269881078    1.999297e+00 2.388190e-05 0.000000e+00 2.799369e-33 3.278278e-04
   3.115000e-01       2.6327166026    1.999282e+00 2.419137e-05 0.000000e+00 2.420202e-33 3.347885e-04
   3.120000e-01       2.6384460081    1.999267e+00 2.450372e-05 0.000000e+00 2.281776e-33 3.418831e-04
   3.125000e-01       2.6441763254    1.999252e+00 2.481898e-05 0.000000e+00 2.146547e-33 3.491140e-04
   3.130000e-01       2.6499075553    1.999237e+00 2.513719e-05 0.000000e+00 2.065108e-33 3.564834e-04
   3.135000e-01       2.6556396989    1.999221e+00 2.545836e-05 0.000000e+00 1.760420e-33 3.639938e-04
   3.140000e-01       2.6613727574    1.999205e+00 2.578254e-05 0.000000e+00 1.381441e-33 3.716476e-04
   3.145000e-01       2.6671067318    1.999189e+00 2.610974e-05 0.000000e+00 1.261070e-33 3.794472e-04
   3.150000e-01       2.6728416233    1.999172e+00 2.643998e-05 0.000000e+00 1.128145e-33 3.873953e-04
   3.155000e-01       2.6785774331    1.999155e+00 2.677330e-05 0.000000e+00 1.023903e-33 3.954942e-04
   3.160000e-01       2.6843141625    1.999138e+00 2.710970e-05 0.000000e+00 8.140063e-34 4.037466e-04
   3.165000e-01       2.6900518128    1.999121e+00 2.744919e-05 0.000000e+00 5.514479e-34 4.121552e-04
   3.170000e-01       2.6957903852    1.999103e+00 2.779180e-05 0.000000e+00 3.385424e-34 4.207225e-04
   3.175000e-01       2.7015298811    1.999085e+00 2.813751e-05 0.000000e+00 2.046301e-34 4.294513e-04
   3.180000e-01       2.7072703020    1.999066e+00 2.848635e-05 0.000000e+00 1.354169e-34 4.383444e-04
   3.185000e-01       2.7130116491    1.999048e+00 2.883830e-05 0.000000e+00 9.403955e-35 4.474044e-04
   3.190000e-01       2.7187539240    1.999028e+00 2.919336e-05 0.000000e+00 6.338266e-35 4.566343e-04
   3.195000e-01       2.7244971281    1.999009e+00 2.955152e-05 0.000000e+00 1.310911e-34 4.660369e-04
   3.200000e-01       2.7302412631    1.998989e+00 2.991278e-05 0.000000e+00 1.890695e-34 4.756152e-04
   3.205000e-01       2.7359863303    1.998969e+00 3.027712e-05 0.000000e+00 2.580563e-34 4.853720e-04
   3.210000e-01       2.7417323316    1.998948e+00 3.064452e-05 0.000000e+00 3.131517e-34 4.953104e-04
   3.215000e-01       2.7474792684    1.998927e+00 3.101497e-05 0.000000e+00 4.122694e-34 5.054335e-04
   3.220000e-01       2.7532271427    1.998906e+00 3.138846e-05 0.000000e+00 5.928253e-34 5.157444e-04
   3.225000e-01       2.7589759562    1.998884e+00 3.176498e-05 0.000000e+00 6.958927e-34 5.262461e-04
   3.230000e-01       2.7647257106    1.998862e+00 3.214450e-05 0.000000e+00 8.019693e-34 5.369419e-04
   3.235000e-01       2.7704764079    1.998839e+00 3.252701e-05 0.000000e+00 8.343189e-34 5.478351e-04
   3.240000e-01       2.7762280499    1.998816e+00 3.291252e-05 0.000000e+00 9.780113e-34 5.589290e-04
   3.245000e-01       2.7819806385    1.998793e+00 3.330101e-05 0.000000e+00 1.069982e-33 5.702268e-04
   3.250000e-01       2.7877341756    1.998769e+00 3.369248e-05 0.000000e+00 1.291727e-33 5.817320e-04
   3.255000e-01       2.7934886633    1.998745e+00 3.408693e-05 0.000000e+00 1.315472e-33 5.934481e-04
   3.260000e-01       2.7992441033    1.998720e+00 3.448437e-05 0.000000e+00 1.444286e-33 6.053785e-04
   3.265000e-01       2.8050004976    1.998695e+00 3.488481e-05 0.000000e+00 1.626179e-33 6.175268e-04
   3.270000e-01       2.8107578483    1.998670e+00 3.528826e-05 0.000000e+00 1.674844e-33 6.298966e-04
   3.275000e-01       2.8165161572    1.998644e+00 3.569474e-05 0.000000e+00 1.916902e-33 6.424916e-04
   3.280000e-01       2.8222754263    1.998617e+00 3.610428e-05 0.000000e+00 1.854460e-33 6.553156e-04
   3.285000e-01       2.8280356578    1.998590e+00 3.651690e-05 0.000000e+00 1.956023e-33 6.683723e-04
   3.290000e-01       2.8337968536    1.998563e+00 3.693262e-05 0.000000e+00 2.302088e-33 6.816655e-04
   3.295000e-01       2.8395590161    1.998535e+00 3.735148e-05 0.000000e+00 2.179461e-33 6.951991e-04
   3.300000e-01       2.8453221473    1.998506e+00 3.777351e-05 0.000000e+00 2.410422e-33 7.089772e-04
   3.305000e-01       2.8510862497    1.998478e+00 3.819873e-05 0.000000e+00 2.756487e-33 7.230037e-04
   3.310000e-01       2.8568513256    1.998448e+00 3.862719e-05 0.000000e+00 2.923925e-33 7.372828e-04
   3.315000e-01       2.8626173775    1.998418e+00 3.905890e-05 0.000000e+00 3.433152e-33 7.518185e-04
   3.320000e-01       2.8683844080    1.998388e+00 3.949390e-05 0.000000e+00 4.007025e-33 7.666151e-04
   3.325000e-01       2.8741524196    1.998357e+00 3.993221e-05 0.000000e+00 3.891168e-33 7.816769e-04
   3.330000e-01       2.8799214152    1.998325e+00 4.037384e-05 0.000000e+00 4.194916e-33 7.970082e-04
   3.335000e-01       2.8856913973    1.998293e+00 4.081882e-05 0.000000e+00 4.400299e-33 8.126133e-04
   3.340000e-01       2.8914623689    1.998260e+00 4.126715e-05 0.000000e+00 4.478539e-33 8.284969e-04
   3.345000e-01       2.8972343328    1.998227e+00 4.171883e-05 0.000000e+00 4.456722e-33 8.446634e-04
   3.350000e-01       2.9030072917    1.998193e+00 4.217387e-05 0.000000e+00 4.826862e-33 8.611174e-04
   3.355000e-01       2.9087812487    1.998159e+00 4.263226e-05 0.000000e+00 4.778714e-33 8.778635e-04
   3.360000e-01       2.9145562068    1.998124e+00 4.309398e-05 0.000000e+00 4.625241e-33 8.949067e-04
   3.365000e-01       2.9203321689    1.998088e+00 4.355902e-05 0.000000e+00 4.554711e-33 9.122516e-04
   3.370000e-01       2.9261091383    1.998052e+00 4.402735e-05 0.000000e+00 4.017053e-33 9.299031e-04
   3.375000e-01       2.9318871182    1.998015e+00 4.449895e-05 0.000000e+00 3.709108e-33 9.478663e-04
   3.380000e-01       2.9376661119    1.997978e+00 4.497380e-05 0.000000e+00 3.357024e-33 9.661461e-04
   3.385000e-01       2.9434461230    1.997940e+00 4.545185e-05 0.000000e+00 2.542829e-33 9.847478e-04
   3.390000e-01       2.9492271549    1.997901e+00 4.593308e-05 0.000000e+00 2.028245e-33 1.003676e-03
   3.395000e-01       2.9550092115    1.997861e+00 4.641745e-05 0.000000e+00 2.341209e-33 1.022937e-03
   3.400000e-01       2.9607922966    1.997821e+00 4.690493e-05 0.000000e+00 2.226856e-33 1.042536e-03
   3.405000e-01       2.9665764141    1.997780e+00 4.739550e-05 0.000000e+00 1.989877e-33 1.062477e-03
   3.410000e-01       2.9723615680    1.997739e+00 4.788914e-05 0.000000e+00 1.881543e-33 1.082768e-03
   3.415000e-01       2.9781477624    1.997696e+00 4.838581e-05 0.000000e+00 1.601682e-33 1.103412e-03
   3.420000e-01       2.9839350015    1.997653e+00 4.888550e-05 0.000000e+00 1.988419e-33 1.124416e-03
   3.425000e-01       2.9897232894    1.997610e+00 4.938820e-05 0.000000e+00 2.106936e-33 1.145786e-03
   3.430000e-01       2.9955126304    1.997565e+00 4.989392e-05 0.000000e+00 2.357007e-33 1.167528e-03
   3.435000e-01       3.0013030285    1.997520e+00 5.040264e-05 0.000000e+00 2.594739e-33 1.189647e-03
   3.440000e-01       3.0070944881    1.997474e+00 5.091439e-05 0.000000e+00 2.663952e-33 1.212150e-03
   3.445000e-01       3.0128870134    1.997427e+00 5.142916e-05 0.000000e+00 2.894913e-33 1.235043e-03
   3.450000e-01       3.0186806086    1.997379e+00 5.194699e-05 0.000000e+00 3.590054e-33 1.258331e-03
   3.455000e-01       3.0244752780    1.997331e+00 5.246790e-05 0.000000e+00 3.767600e-33 1.282022e-03
   3.460000e-01       3.0302710261    1.997282e+00 5.299192e-05 0.000000e+00 4.989362e-33 1.306122e-03
   3.465000e-01       3.0360678573    1.997232e+00 5.351907e-05 0.000000e+00 5.567141e-33 1.330638e-03
   3.470000e-01       3.0418657762    1.997181e+00 5.404940e-05 0.000000e+00 5.146032e-33 1.355575e-03
   3.475000e-01       3.0476647876    1.997129e+00 5.458293e-05 0.000000e+00 5.164946e-33 1.380941e-03
   3.480000e-01       3.0534648963    1.997076e+00 5.511970e-05 0.000000e+00 5.660475e-33 1.406743e-03
   3.485000e-01       3.0592661074    1.997023e+00 5.565973e-05 0.000000e+00 5.206029e-33 1.432987e-03
   3.490000e-01       3.0650684260    1.996968e+00 5.620306e-05 0.000000e+00 4.996133e-33 1.459682e-03
   3.495000e-01       3.0708718576    1.996913e+00 5.674971e-05 0.000000e+00 4.285194e-33 1.486833e-03
   3.500000e-01       3.0766764075    1.996857e+00 5.729969e-05 0.000000e+00 4.348389e-33 1.514448e-03
   3.505000e-01       3.0824820815    1.996799e+00 5.785301e-05 0.000000e+00 3.626165e-33 1.542535e-03
   3.510000e-01       3.0882888852    1.996741e+00 5.840966e-05 0.000000e+00 3.039358e-33 1.571101e-03
   3.515000e-01       3.0940968245    1.996682e+00 5.896966e-05 0.000000e+00 2.468350e-33 1.600153e-03
   3.520000e-01       3.0999059055    1.996622e+00 5.953297e-05 0.000000e+00 2.551857e-33 1.629700e-03
   3.525000e-01       3.1057161341    1.996560e+00 6.009957e-05 0.000000e+00 3.199037e-33 1.659750e-03
   3.530000e-01       3.1115275166    1.996498e+00 6.066945e-05 0.000000e+00 3.570505e-33 1.690310e-03
   3.535000e-01       3.1173400594    1.996435e+00 6.124255e-05 0.000000e+00 3.343482e-33 1.721388e-03
   3.540000e-01       3.1231537689    1.996370e+00 6.181884e-05 0.000000e+00 4.117428e-33 1.752994e-03
   3.545000e-01       3.1289686517    1.996305e+00 6.239826e-05 0.000000e+00 5.323391e-33 1.785134e-03
   3.550000e-01       3.1347847147    1.996238e+00 6.298078e-05 0.000000e+00 5.512974e-33 1.817818e-03
   3.555000e-01       3.1406019647    1.996171e+00 6.356634e-05 0.000000e+00 6.800940e-33 1.851054e-03
   3.560000e-01       3.1464204090    1.996102e+00 6.415488e-05 0.000000e+00 7.008579e-33 1.884852e-03
   3.565000e-01       3.1522400546    1.996032e+00 6.474636e-05 0.000000e+00 8.401869e-33 1.919219e-03
   3.570000e-01       3.1580609092    1.995961e+00 6.534073e-05 0.000000e+00 8.787055e-33 1.954165e-03
   3.575000e-01       3.1638829801    1.995889e+00 6.593794e-05 0.000000e+00 9.750020e-33 1.989700e-03
   3.580000e-01       3.1697062751    1.995815e+00 6.653798e-05 0.000000e+00 1.085264e-32 2.025832e-03
   3.585000e-01       3.1755308020    1.995741e+00 6.714079e-05 0.000000e+00 1.246005e-32 2.062571e-03
   3.590000e-01       3.1813565685    1.995665e+00 6.774638e-05 0.000000e+00 1.199192e-32 2.099926e-03
   3.595000e-01       3.1871835826    1.995587e+00 6.835471e-05 0.000000e+00 1.193174e-32 2.137909e-03
   3.600000e-01       3.1930118523    1.995509e+00 6.896580e-05 0.000000e+00 1.291577e-32 2.176527e-03
   3.605000e-01       3.1988413856    1.995429e+00 6.957965e-05 0.000000e+00 1.209123e-32 2.215792e-03
   3.610000e-01       3.2046721907    1.995348e+00 7.019628e-05 0.000000e+00 1.096877e-32 2.255714e-03
   3.615000e-01       3.2105042758    1.995266e+00 7.081570e-05 0.000000e+00 9.403955e-33 2.296304e-03
   3.620000e-01       3.2163376494    1.995182e+00 7.143795e-05 0.000000e+00 8.282251e-33 2.337571e-03
   3.625000e-01       3.2221723199    1.995097e+00 7.206306e-05 0.000000e+00 7.078545e-33 2.379527e-03
   3.630000e-01       3.2280082962    1.995010e+00 7.269106e-05 0.000000e+00 6.193874e-33 2.422182e-03
   3.635000e-01       3.2338455872    1.994922e+00 7.332200e-05 0.000000e+00 5.251168e-33 2.465548e-03
   3.640000e-01       3.2396842020    1.994833e+00 7.395590e-05 0.000000e+00 3.683341e-33 2.509636e-03
   3.645000e-01       3.2455241499    1.994742e+00 7.459282e-05 0.000000e+00 2.783571e-33 2.554458e-03
   3.650000e-01       3.2513654407    1.994649e+00 7.523277e-05 0.000000e+00 1.251854e-33 2.600025e-03
   3.655000e-01       3.2572080841    1.994556e+00 7.587578e-05 0.000000e+00 4.363435e-34 2.646349e-03
   3.660000e-01       3.2630520901    1.994460e+00 7.652187e-05 0.000000e+00 3.129636e-34 2.693442e-03
   3.665000e-01       3.2688974690    1.994363e+00 7.717103e-05 0.000000e+00 2.046301e-34 2.741316e-03
   3.670000e-01       3.2747442312    1.994264e+00 7.782328e-05 0.000000e+00 4.935195e-34 2.789984e-03
   3.675000e-01       3.2805923873    1.994164e+00 7.847860e-05 0.000000e+00 7.946342e-34 2.839459e-03
   3.680000e-01       3.2864419479    1.994062e+00 7.913695e-05 0.000000e+00 1.206010e-33 2.889752e-03
   3.685000e-01       3.2922929241    1.993959e+00 7.979831e-05 0.000000e+00 2.004923e-33 2.940879e-03
   3.690000e-01       3.2981453269    1.993853e+00 8.046263e-05 0.000000e+00 2.937043e-33 2.992850e-03
   3.695000e-01       3.3039991676    1.993746e+00 8.112985e-05 0.000000e+00 3.481720e-33 3.045681e-03
   3.700000e-01       3.3098544578    1.993638e+00 8.179992e-05 0.000000e+00 4.393528e-33 3.099384e-03
   3.705000e-01       3.3157112093    1.993527e+00 8.247277e-05 0.000000e+00 4.646306e-33 3.153974e-03
   3.710000e-01       3.3215694342    1.993415e+00 8.314832e-05 0.000000e+00 4.164824e-33 3.209465e-03
   3.715000e-01       3.3274291448    1.993301e+00 8.382650e-05 0.000000e+00 5.633345e-33 3.265871e-03
   3.720000e-01       3.3332903538    1.993185e+00 8.450724e-05 0.000000e+00 5.007418e-33 3.323207e-03
   3.725000e-01       3.3391530742    1.993067e+00 8.519048e-05 0.000000e+00 4.508632e-33 3.381487e-03
   3.730000e-01       3.3450173193    1.992947e+00 8.587615e-05 0.000000e+00 4.104826e-33 3.440727e-03
   3.735000e-01       3.3508831023    1.992825e+00 8.656420e-05 0.000000e+00 3.124370e-33 3.500941e-03
   3.740000e-01       3.3567504372    1.992701e+00 8.725457e-05 0.000000e+00 2.551857e-33 3.562147e-03
   3.745000e-01       3.3626193376    1.992575e+00 8.794725e-05 0.000000e+00 2.551857e-33 3.624358e-03
   3.750000e-01       3.3684898177    1.992448e+00 8.864219e-05 0.000000e+00 2.708339e-33 3.687593e-03
   3.755000e-01       3.3743618914    1.992318e+00 8.933940e-05 0.000000e+00 2.756487e-33 3.751866e-03
   3.760000e-01       3.3802355730    1.992186e+00 9.003887e-05 0.000000e+00 2.660191e-33 3.817194e-03
   3.765000e-01       3.3861108768    1.992051e+00 9.074061e-05 0.000000e+00 2.178708e-33 3.883595e-03
   3.770000e-01       3.3919878172    1.991915e+00 9.144465e-05 0.000000e+00 2.940052e-33 3.951086e-03
   3.775000e-01       3.3978664087    1.991776e+00 9.215102e-05 0.000000e+00 3.843673e-33 4.019684e-03
   3.780000e-01       3.4037466659    1.991635e+00 9.285975e-05 0.000000e+00 4.393528e-33 4.089407e-03
   3.785000e-01       3.4096286039    1.991492e+00 9.357090e-05 0.000000e+00 5.898160e-33 4.160272e-03
   3.790000e-01       3.4155122377    1.991347e+00 9.428450e-05 0.000000e+00 7.041681e-33 4.232299e-03
   3.795000e-01       3.4213975828    1.991199e+00 9.500061e-05 0.000000e+00 7.559275e-33 4.305507e-03
   3.800000e-01       3.4272846552    1.991049e+00 9.571926e-05 0.000000e+00 9.449094e-33 4.379913e-03
   3.805000e-01       3.4331734711    1.990896e+00 9.644049e-05 0.000000e+00 1.002687e-32 4.455538e-03
   3.810000e-01       3.4390640470    1.990741e+00 9.716432e-05 0.000000e+00 1.347248e-32 4.532401e-03
   3.815000e-01       3.4449564000    1.990583e+00 9.789078e-05 0.000000e+00 1.380952e-32 4.610522e-03
   3.820000e-01       3.4508505476    1.990423e+00 9.861987e-05 0.000000e+00 1.568899e-32 4.689921e-03
   3.825000e-01       3.4567465074    1.990260e+00 9.935157e-05 0.000000e+00 1.702116e-32 4.770619e-03
   3.830000e-01       3.4626442978    1.990095e+00 1.000859e-04 0.000000e+00 1.757411e-32 4.852638e-03
   3.835000e-01       3.4685439370    1.989926e+00 1.008227e-04 0.000000e+00 1.826022e-32 4.935998e-03
   3.840000e-01       3.4744454440    1.989755e+00 1.015621e-04 0.000000e+00 2.084819e-32 5.020721e-03
   3.845000e-01       3.4803488377    1.989582e+00 1.023039e-04 0.000000e+00 1.928337e-32 5.106830e-03
   3.850000e-01       3.4862541376    1.989405e+00 1.030480e-04 0.000000e+00 1.969263e-32 5.194346e-03
   3.855000e-01       3.4921613633    1.989226e+00 1.037945e-04 0.000000e+00 1.909078e-32 5.283293e-03
   3.860000e-01       3.4980705349    1.989044e+00 1.045431e-04 0.000000e+00 1.748082e-32 5.373694e-03
   3.865000e-01       3.5039816727    1.988858e+00 1.052938e-04 0.000000e+00 1.815189e-32 5.465572e-03
   3.870000e-01       3.5098947975    1.988670e+00 1.060466e-04 0.000000e+00 1.806993e-32 5.558952e-03
   3.875000e-01       3.5158099302    1.988479e+00 1.068012e-04 0.000000e+00 1.789008e-32 5.653858e-03
   3.880000e-01       3.5217270924    1.988284e+00 1.075577e-04 0.000000e+00 1.908175e-32 5.750315e-03
   3.885000e-01       3.5276463058    1.988087e+00 1.083159e-04 0.000000e+00 1.860930e-32 5.848348e-03
   3.890000e-01       3.5335675926    1.987886e+00 1.090759e-04 0.000000e+00 1.733337e-32 5.947983e-03
   3.895000e-01       3.5394909752    1.987682e+00 1.098375e-04 0.000000e+00 1.627411e-32 6.049246e-03
   3.900000e-01       3.5454164763    1.987474e+00 1.106007e-04 0.000000e+00 1.851300e-32 6.152164e-03
   3.905000e-01       3.5513441190    1.987264e+00 1.113655e-04 0.000000e+00 1.850096e-32 6.256764e-03
   3.910000e-01       3.5572739263    1.987050e+00 1.121318e-04 0.000000e+00 1.843551e-32 6.363073e-03
   3.915000e-01       3.5632059219    1.986832e+00 1.128998e-04 0.000000e+00 1.846979e-32 6.471120e-03
   3.920000e-01       3.5691401292    1.986611e+00 1.136695e-04 0.000000e+00 1.918783e-32 6.580933e-03
   3.925000e-01       3.5750765723    1.986386e+00 1.144407e-04 0.000000e+00 2.128153e-32 6.692541e-03
   3.930000e-01       3.5810152752    1.986158e+00 1.152137e-04 0.000000e+00 2.128153e-32 6.805974e-03
   3.935000e-01       3.5869562625    1.985926e+00 1.159885e-04 0.000000e+00 1.960837e-32 6.921261e-03
   3.940000e-01       3.5928995591    1.985690e+00 1.167651e-04 0.000000e+00 1.705652e-32 7.038434e-03
   3.945000e-01       3.5988451903    1.985450e+00 1.175436e-04 0.000000e+00 1.396299e-32 7.157523e-03
   3.950000e-01       3.6047931820    1.985206e+00 1.183240e-04 0.000000e+00 1.117039e-32 7.278561e-03
   3.955000e-01       3.6107435606    1.984959e+00 1.191064e-04 0.000000e+00 9.873400e-33 7.401579e-03
   3.960000e-01       3.6166963531    1.984707e+00 1.198908e-04 0.000000e+00 7.885451e-33 7.526610e-03
   3.965000e-01       3.6226515869    1.984451e+00 1.206772e-04 0.000000e+00 6.018531e-33 7.653688e-03
   3.970000e-01       3.6286092903    1.984191e+00 1.214657e-04 0.000000e+00 4.285194e-33 7.782846e-03
   3.975000e-01       3.6345694919    1.983927e+00 1.222561e-04 0.000000e+00 2.660191e-33 7.914120e-03
   3.980000e-01       3.6405322208    1.983659e+00 1.230485e-04 0.000000e+00 2.082412e-33 8.047544e-03
   3.985000e-01       3.6464975066    1.983386e+00 1.238428e-04 0.000000e+00 2.407412e-33 8.183154e-03
   3.990000e-01       3.6524653795    1.983109e+00 1.246390e-04 0.000000e+00 1.745374e-33 8.320988e-03
   3.995000e-01       3.6584358699    1.982827e+00 1.254369e-04 0.000000e+00 1.712272e-33 8.461081e-03
   4.000000e-01       3.6644090087    1.982541e+00 1.262364e-04 0.000000e+00 2.964127e-33 8.603471e-03
   4.005000e-01       3.6703848272    1.982250e+00 1.270375e-04 0.000000e+00 3.826469e-33 8.748198e-03
   4.010000e-01       3.6763633571    1.981954e+00 1.278401e-04 0.000000e+00 4.862973e-33 8.895299e-03
   4.015000e-01       3.6823446307    1.981653e+00 1.286439e-04 0.000000e+00 5.633345e-33 9.044816e-03
   4.020000e-01       3.6883286807    1.981348e+00 1.294490e-04 0.000000e+00 5.356493e-33 9.196788e-03
   4.025000e-01       3.6943155403    1.981037e+00 1.302552e-04 0.000000e+00 5.934272e-33 9.351257e-03
   4.030000e-01       3.7003052433    1.980721e+00 1.310624e-04 0.000000e+00 5.741679e-33 9.508265e-03
   4.035000e-01       3.7062978242    1.980401e+00 1.318705e-04 0.000000e+00 4.441676e-33 9.667854e-03
   4.040000e-01       3.7122933178    1.980075e+00 1.326795e-04 0.000000e+00 4.056490e-33 9.830068e-03
   4.045000e-01       3.7182917596    1.979743e+00 1.334893e-04 0.000000e+00 3.090704e-33 9.994951e-03
   4.050000e-01       3.7242931857    1.979406e+00 1.342999e-04 0.000000e+00 2.660191e-33 1.016255e-02
   4.055000e-01       3.7302976324    1.979064e+00 1.351113e-04 0.000000e+00 2.290051e-33 1.033291e-02
   4.060000e-01       3.7363051365    1.978716e+00 1.359235e-04 0.000000e+00 1.637040e-33 1.050607e-02
   4.065000e-01       3.7423157352    1.978362e+00 1.367365e-04 0.000000e+00 9.750020e-34 1.068209e-02
   4.070000e-01       3.7483294659    1.978003e+00 1.375504e-04 0.000000e+00 3.851860e-34 1.086102e-02
   4.075000e-01       3.7543463664    1.977637e+00 1.383653e-04 0.000000e+00 4.935195e-34 1.104290e-02
   4.080000e-01       3.7603664748    1.977266e+00 1.391811e-04 0.000000e+00 1.215743e-33 1.122778e-02
   4.085000e-01       3.7663898298    1.976889e+00 1.399981e-04 0.000000e+00 2.166671e-33 1.141571e-02
   4.090000e-01       3.7724164702    1.976505e+00 1.408161e-04 0.000000e+00 2.499489e-33 1.160675e-02
   4.095000e-01       3.7784464358    1.976115e+00 1.416354e-04 0.000000e+00 4.625241e-33 1.180095e-02
   4.100000e-01       3.7844797668    1.975718e+00 1.424559e-04 0.000000e+00 7.137978e-33 1.199836e-02
   4.105000e-01       3.7905165042    1.975315e+00 1.432777e-04 0.000000e+00 1.174817e-32 1.219905e-02
   4.110000e-01       3.7965566897    1.974906e+00 1.441008e-04 0.000000e+00 1.699633e-32 1.240305e-02
   4.115000e-01       3.8026003660    1.974489e+00 1.449252e-04 0.000000e+00 2.028245e-32 1.261044e-02
   4.120000e-01       3.8086475766    1.974066e+00 1.457508e-04 0.000000e+00 2.296671e-32 1.282127e-02
   4.125000e-01       3.8146983658    1.973636e+00 1.465777e-04 0.000000e+00 2.836233e-32 1.303560e-02
   4.130000e-01       3.8207527788    1.973198e+00 1.474056e-04 0.000000e+00 3.424018e-32 1.325349e-02
   4.135000e-01       3.8268108614    1.972754e+00 1.482347e-04 0.000000e+00 3.294619e-32 1.347500e-02
   4.140000e-01       3.8328726603    1.972301e+00 1.490646e-04 0.000000e+00 3.763087e-32 1.370019e-02
   4.145000e-01       3.8389382227    1.971842e+00 1.498954e-04 0.000000e+00 3.641211e-32 1.392913e-02
   4.150000e-01       3.8450075964    1.971375e+00 1.507268e-04 0.000000e+00 3.587045e-32 1.416188e-02
   4.155000e-01       3.8510808299    1.970900e+00 1.515588e-04 0.000000e+00 3.851860e-32 1.439851e-02
   4.160000e-01       3.8571579721    1.970417e+00 1.523911e-04 0.000000e+00 4.010749e-32 1.463908e-02
   4.165000e-01       3.8632390725    1.969926e+00 1.532237e-04 0.000000e+00 4.421213e-32 1.488367e-02
   4.170000e-01       3.8693241815    1.969427e+00 1.540565e-04 0.000000e+00 4.092601e-32 1.513234e-02
   4.175000e-01       3.8754133496    1.968920e+00 1.548893e-04 0.000000e+00 3.979923e-32 1.538516e-02
   4.180000e-01       3.8815066284    1.968404e+00 1.557221e-04 0.000000e+00 3.745934e-32 1.564222e-02
   4.185000e-01       3.8876040699    1.967880e+00 1.565548e-04 0.000000e+00 3.256025e-32 1.590357e-02
   4.190000e-01       3.8937057268    1.967347e+00 1.573873e-04 0.000000e+00 3.183803e-32 1.616930e-02
   4.195000e-01       3.8998116523    1.966805e+00 1.582197e-04 0.000000e+00 3.009266e-32 1.643948e-02
   4.200000e-01       3.9059219003    1.966254e+00 1.590520e-04 0.000000e+00 2.320746e-32 1.671420e-02
   4.205000e-01       3.9120365253    1.965693e+00 1.598841e-04 0.000000e+00 2.176301e-32 1.699352e-02
   4.210000e-01       3.9181555822    1.965123e+00 1.607163e-04 0.000000e+00 2.182319e-32 1.727753e-02
   4.215000e-01       3.9242791263    1.964544e+00 1.615484e-04 0.000000e+00 1.420674e-32 1.756632e-02
   4.220000e-01       3.9304072136    1.963955e+00 1.623807e-04 0.000000e+00 1.705652e-32 1.785997e-02
   4.225000e-01       3.9365399006    1.963356e+00 1.632131e-04 0.000000e+00 1.691207e-32 1.815856e-02
   4.230000e-01       3.9426772441    1.962748e+00 1.640458e-04 0.000000e+00 1.883800e-32 1.846218e-02
   4.235000e-01       3.9488193018    1.962128e+00 1.648788e-04 0.000000e+00 2.166671e-32 1.877092e-02
   4.240000e-01       3.9549661323    1.961499e+00 1.657122e-04 0.000000e+00 1.795930e-32 1.908487e-02
   4.245000e-01       3.9611177948    1.960859e+00 1.665460e-04 0.000000e+00 2.042689e-32 1.940412e-02
   4.250000e-01       3.9672743495    1.960208e+00 1.673802e-04 0.000000e+00 2.253338e-32 1.972877e-02
   4.255000e-01       3.9734358580    1.959546e+00 1.682149e-04 0.000000e+00 2.312320e-32 2.005891e-02
   4.260000e-01       3.9796023826    1.958873e+00 1.690499e-04 0.000000e+00 2.439010e-32 2.039464e-02
   4.265000e-01       3.9857739869    1.958188e+00 1.698852e-04 0.000000e+00 2.841048e-32 2.073606e-02
   4.270000e-01       3.9919507356    1.957492e+00 1.707206e-04 0.000000e+00 2.374912e-32 2.108327e-02
   4.275000e-01       3.9981326944    1.956784e+00 1.715562e-04 0.000000e+00 2.253338e-32 2.143637e-02
   4.280000e-01       4.0043199299    1.956064e+00 1.723917e-04 0.000000e+00 1.781485e-32 2.179547e-02
   4.285000e-01       4.0105125093    1.955332e+00 1.732269e-04 0.000000e+00 2.166671e-32 2.216067e-02
   4.290000e-01       4.0167105008    1.954588e+00 1.740618e-04 0.000000e+00 1.826022e-32 2.253209e-02
   4.295000e-01       4.0229139730    1.953831e+00 1.748961e-04 0.000000e+00 1.538637e-32 2.290983e-02
   4.300000e-01       4.0291229948    1.953061e+00 1.757297e-04 0.000000e+00 1.185651e-32 2.329402e-02
   4.305000e-01       4.0353376360    1.952277e+00 1.765624e-04 0.000000e+00 9.103028e-33 2.368475e-02
   4.310000e-01       4.0415579666    1.951481e+00 1.773941e-04 0.000000e+00 7.137978e-33 2.408216e-02
   4.315000e-01       4.0477840571    1.950671e+00 1.782247e-04 0.000000e+00 4.814825e-33 2.448635e-02
   4.320000e-01       4.0540159787    1.949847e+00 1.790541e-04 0.000000e+00 4.814825e-33 2.489746e-02
   4.325000e-01       4.0602538031    1.949009e+00 1.798822e-04 0.000000e+00 3.129636e-33 2.531561e-02
   4.330000e-01       4.0664976026    1.948157e+00 1.807091e-04 0.000000e+00 3.767600e-33 2.574092e-02
   4.335000e-01       4.0727474505    1.947290e+00 1.815346e-04 0.000000e+00 2.097458e-33 2.617352e-02
   4.340000e-01       4.0790034206    1.946408e+00 1.823590e-04 0.000000e+00 1.974078e-33 2.661355e-02
   4.345000e-01       4.0852655875    1.945511e+00 1.831821e-04 0.000000e+00 2.226856e-33 2.706113e-02
   4.350000e-01       4.0915340264    1.944599e+00 1.840041e-04 0.000000e+00 4.249083e-33 2.751641e-02
   4.355000e-01       4.0978088134    1.943671e+00 1.848250e-04 0.000000e+00 6.018531e-33 2.797952e-02
   4.360000e-01       4.1040900251    1.942727e+00 1.856450e-04 0.000000e+00 6.259272e-33 2.845061e-02
   4.365000e-01       4.1103777385    1.941767e+00 1.864641e-04 0.000000e+00 1.001484e-32 2.892982e-02
   4.370000e-01       4.1166720314    1.940791e+00 1.872824e-04 0.000000e+00 8.100943e-33 2.941729e-02
   4.375000e-01       4.1229729820    1.939797e+00 1.880999e-04 0.000000e+00 9.437057e-33 2.991318e-02
   4.380000e-01       4.1292806694    1.938787e+00 1.889167e-04 0.000000e+00 1.117039e-32 3.041764e-02
   4.385000e-01       4.1355951730    1.937759e+00 1.897328e-04 0.000000e+00 1.358082e-32 3.093082e-02
   4.390000e-01       4.1419165734    1.936713e+00 1.905481e-04 0.000000e+00 1.705652e-32 3.145288e-02
   4.395000e-01       4.1482449519    1.935649e+00 1.913627e-04 0.000000e+00 1.637040e-32 3.198399e-02
   4.400000e-01       4.1545803906    1.934567e+00 1.921763e-04 0.000000e+00 1.872967e-32 3.252431e-02
   4.405000e-01       4.1609229728    1.933466e+00 1.929889e-04 0.000000e+00 2.041486e-32 3.307400e-02
   4.410000e-01       4.1672727826    1.932346e+00 1.938003e-04 0.000000e+00 2.330375e-32 3.363325e-02
   4.415000e-01       4.1736299052    1.931206e+00 1.946103e-04 0.000000e+00 2.678246e-32 3.420221e-02
   4.420000e-01       4.1799944263    1.930047e+00 1.954188e-04 0.000000e+00 2.588500e-32 3.478106e-02
   4.425000e-01       4.1863664326    1.928868e+00 1.962254e-04 0.000000e+00 2.503709e-32 3.537000e-02
   4.430000e-01       4.1927460112    1.927668e+00 1.970302e-04 0.000000e+00 2.850376e-32 3.596920e-02
   4.435000e-01       4.1991332494    1.926447e+00 1.978327e-04 0.000000e+00 3.355933e-32 3.657884e-02
   4.440000e-01       4.2055282350    1.925204e+00 1.986329e-04 0.000000e+00 4.092601e-32 3.719913e-02
   4.445000e-01       4.2119310557    1.923941e+00 1.994306e-04 0.000000e+00 3.774823e-32 3.783024e-02
   4.450000e-01       4.2183417995    1.922655e+00 2.002256e-04 0.000000e+00 4.742602e-32 3.847239e-02
   4.455000e-01       4.2247605542    1.921346e+00 2.010179e-04 0.000000e+00 5.798253e-32 3.912577e-02
   4.460000e-01       4.2311874077    1.920015e+00 2.018074e-04 0.000000e+00 5.921525e-32 3.979059e-02
   4.465000e-01       4.2376224482    1.918661e+00 2.025940e-04 0.000000e+00 6.385661e-32 4.046705e-02
   4.470000e-01       4.2440657639    1.917283e+00 2.033778e-04 0.000000e+00 8.570388e-32 4.115537e-02
   4.475000e-01       4.2505174433    1.915880e+00 2.041588e-04 0.000000e+00 8.016683e-32 4.185577e-02
   4.480000e-01       4.2569775751    1.914453e+00 2.049370e-04 0.000000e+00 8.185202e-32 4.256846e-02
   4.485000e-01       4.2634462483    1.913001e+00 2.057125e-04 0.000000e+00 8.093721e-32 4.329367e-02
   4.490000e-01       4.2699235521    1.911524e+00 2.064855e-04 0.000000e+00 7.260756e-32 4.403163e-02
   4.495000e-01       4.2764095757    1.910020e+00 2.072559e-04 0.000000e+00 6.703440e-32 4.478258e-02
   4.500000e-01       4.2829044086    1.908490e+00 2.080239e-04 0.000000e+00 7.171757e-32 4.554674e-02
   4.505000e-01       4.2894081401    1.906934e+00 2.087894e-04 0.000000e+00 7.078996e-32 4.632436e-02
   4.510000e-01       4.2959208597    1.905350e+00 2.095526e-04 0.000000e+00 5.859642e-32 4.711570e-02
   4.515000e-01       4.3024426563    1.903737e+00 2.103134e-04 0.000000e+00 5.378159e-32 4.792098e-02
   4.520000e-01       4.3089736191    1.902097e+00 2.110718e-04 0.000000e+00 4.814825e-32 4.874049e-02
   4.525000e-01       4.3155138371    1.900427e+00 2.118276e-04 0.000000e+00 3.587045e-32 4.957446e-02
   4.530000e-01       4.3220633991    1.898729e+00 2.125808e-04 0.000000e+00 3.381211e-32 5.042317e-02
   4.535000e-01       4.3286223939    1.897000e+00 2.133311e-04 0.000000e+00 2.373709e-32 5.128688e-02
   4.540000e-01       4.3351909106    1.895240e+00 2.140785e-04 0.000000e+00 1.319563e-32 5.216587e-02
   4.545000e-01       4.3417690381    1.893450e+00 2.148226e-04 0.000000e+00 1.251854e-32 5.306042e-02
   4.550000e-01       4.3483568655    1.891627e+00 2.155633e-04 0.000000e+00 5.633345e-33 5.397081e-02
   4.555000e-01       4.3549544818    1.889773e+00 2.163002e-04 0.000000e+00 6.933348e-33 5.489732e-02
   4.560000e-01       4.3615619756    1.887885e+00 2.170331e-04 0.000000e+00 7.896313e-33 5.584026e-02
   4.565000e-01       4.3681794351    1.885965e+00 2.177617e-04 0.000000e+00 1.001484e-32 5.679991e-02
   4.570000e-01       4.3748069477    1.884010e+00 2.184858e-04 0.000000e+00 1.160373e-32 5.777659e-02
   4.575000e-01       4.3814445999    1.882020e+00 2.192053e-04 0.000000e+00 8.805863e-33 5.877061e-02
   4.580000e-01       4.3880924767    1.879996e+00 2.199198e-04 0.000000e+00 7.041681e-33 5.978227e-02
   4.585000e-01       4.3947506616    1.877935e+00 2.206293e-04 0.000000e+00 4.092601e-33 6.081189e-02
   4.590000e-01       4.4014192364    1.875838e+00 2.213337e-04 0.000000e+00 3.274081e-33 6.185981e-02
   4.595000e-01       4.4080982810    1.873703e+00 2.220329e-04 0.000000e+00 4.814825e-33 6.292636e-02
   4.600000e-01       4.4147878733    1.871531e+00 2.227268e-04 0.000000e+00 3.274081e-33 6.401186e-02
   4.605000e-01       4.4214880896    1.869320e+00 2.234156e-04 0.000000e+00 1.925930e-33 6.511666e-02
   4.610000e-01       4.4281990041    1.867070e+00 2.240991e-04 0.000000e+00 1.745374e-33 6.624112e-02
   4.615000e-01       4.4349206896    1.864779e+00 2.247776e-04 0.000000e+00 1.519679e-33 6.738558e-02
   4.620000e-01       4.4416532168    1.862448e+00 2.254509e-04 0.000000e+00 2.034264e-33 6.855040e-02
   4.625000e-01       4.4483966552    1.860076e+00 2.261192e-04 0.000000e+00 4.092601e-33 6.973595e-02
   4.630000e-01       4.4551510723    1.857661e+00 2.267825e-04 0.000000e+00 4.814825e-33 7.094261e-02
   4.635000e-01       4.4619165338    1.855204e+00 2.274408e-04 0.000000e+00 4.814825e-33 7.217074e-02
   4.640000e-01       4.4686931039    1.852702e+00 2.280941e-04 0.000000e+00 5.007418e-33 7.342073e-02
   4.645000e-01       4.4754808442    1.850157e+00 2.287423e-04 0.000000e+00 5.585197e-33 7.469298e-02
   4.650000e-01       4.4822798146    1.847565e+00 2.293853e-04 0.000000e+00 1.102896e-32 7.598788e-02
   4.655000e-01       4.4890900720    1.844928e+00 2.300230e-04 0.000000e+00 2.335190e-32 7.730582e-02
   4.660000e-01       4.4959116712    1.842244e+00 2.306550e-04 0.000000e+00 3.254822e-32 7.864723e-02
   4.665000e-01       4.5027446639    1.839512e+00 2.312813e-04 0.000000e+00 4.333342e-32 8.001252e-02
   4.670000e-01       4.5095890990    1.836732e+00 2.319014e-04 0.000000e+00 5.874086e-32 8.140210e-02
   4.675000e-01       4.5164450225    1.833902e+00 2.325151e-04 0.000000e+00 6.240013e-32 8.281641e-02
   4.680000e-01       4.5233124769    1.831022e+00 2.331220e-04 0.000000e+00 8.286314e-32 8.425588e-02
   4.685000e-01       4.5301915018    1.828091e+00 2.337218e-04 0.000000e+00 8.571592e-32 8.572096e-02
   4.690000e-01       4.5370821328    1.825107e+00 2.343141e-04 0.000000e+00 9.771762e-32 8.721208e-02
   4.695000e-01       4.5439844020    1.822071e+00 2.348986e-04 0.000000e+00 9.629650e-32 8.872971e-02
   4.700000e-01       4.5508983373    1.818980e+00 2.354751e-04 0.000000e+00 8.801500e-32 9.027430e-02
   4.705000e-01       4.5578239619    1.815835e+00 2.360432e-04 0.000000e+00 9.340760e-32 9.184633e-02
   4.710000e-01       4.5647612942    1.812634e+00 2.366028e-04 0.000000e+00 8.185202e-32 9.344627e-02
   4.715000e-01       4.5717103472    1.809376e+00 2.371535e-04 0.000000e+00 9.398538e-32 9.507460e-02
   4.720000e-01       4.5786711280    1.806061e+00 2.376954e-04 0.000000e+00 8.936315e-32 9.673181e-02
   4.725000e-01       4.5856436379    1.802687e+00 2.382283e-04 0.000000e+00 8.072129e-32 9.841839e-02
   4.730000e-01       4.5926278717    1.799253e+00 2.387521e-04 0.000000e+00 8.860481e-32 1.001349e-01
   4.735000e-01       4.5996238178    1.795758e+00 2.392669e-04 0.000000e+00 7.708535e-32 1.018817e-01
   4.740000e-01       4.6066314581    1.792202e+00 2.397725e-04 0.000000e+00 6.490384e-32 1.036594e-01
   4.745000e-01       4.6136507679    1.788582e+00 2.402690e-04 0.000000e+00 5.700753e-32 1.054686e-01
   4.750000e-01       4.6206817161    1.784899e+00 2.407565e-04 0.000000e+00 3.948156e-32 1.073097e-01
   4.755000e-01       4.6277242650    1.781151e+00 2.412348e-04 0.000000e+00 3.355933e-32 1.091833e-01
   4.760000e-01       4.6347783706    1.777337e+00 2.417038e-04 0.000000e+00 3.458248e-32 1.110900e-01
   4.765000e-01       4.6418439819    1.773455e+00 2.421636e-04 0.000000e+00 3.784753e-32 1.130302e-01
   4.770000e-01       4.6489210415    1.769506e+00 2.426140e-04 0.000000e+00 5.975198e-32 1.150045e-01
   4.775000e-01       4.6560094844    1.765487e+00 2.430547e-04 0.000000e+00 1.047706e-31 1.170136e-01
   4.780000e-01       4.6631092384    1.761397e+00 2.434855e-04 0.000000e+00 8.011869e-32 1.190579e-01
   4.785000e-01       4.6702202231    1.757236e+00 2.439061e-04 0.000000e+00 8.185202e-32 1.211380e-01
   4.790000e-01       4.6773423495    1.753002e+00 2.443162e-04 0.000000e+00 9.672983e-32 1.232546e-01
   4.795000e-01       4.6844755198    1.748694e+00 2.447153e-04 0.000000e+00 1.003410e-31 1.254082e-01
   4.800000e-01       4.6916196265    1.744311e+00 2.451030e-04 0.000000e+00 1.123900e-31 1.275994e-01
   4.805000e-01       4.6987745520    1.739852e+00 2.454789e-04 0.000000e+00 1.167595e-31 1.298287e-01
   4.810000e-01       4.7059401686    1.735314e+00 2.458425e-04 0.000000e+00 1.165188e-31 1.320969e-01
   4.815000e-01       4.7131163376    1.730699e+00 2.461933e-04 0.000000e+00 1.049632e-31 1.344045e-01
   4.820000e-01       4.7203029094    1.726003e+00 2.465309e-04 0.000000e+00 1.026521e-31 1.367522e-01
   4.825000e-01       4.7274997228    1.721225e+00 2.468550e-04 0.000000e+00 9.340760e-32 1.391404e-01
   4.830000e-01       4.7347066050    1.716366e+00 2.471651e-04 0.000000e+00 5.874086e-32 1.415700e-01
   4.835000e-01       4.7419233710    1.711422e+00 2.474610e-04 0.000000e+00 5.404114e-32 1.440415e-01
   4.840000e-01       4.7491498230    1.706394e+00 2.477423e-04 0.000000e+00 6.259272e-32 1.465555e-01
   4.845000e-01       4.7563857500    1.701279e+00 2.480089e-04 0.000000e+00 5.623715e-32 1.491127e-01
   4.850000e-01       4.7636309276    1.696076e+00 2.482605e-04 0.000000e+00 4.410380e-32 1.517138e-01
   4.855000e-01       4.7708851168    1.690784e+00 2.484971e-04 0.000000e+00 4.082971e-32 1.543593e-01
   4.860000e-01       4.7781480642    1.685403e+00 2.487185e-04 0.000000e+00 4.718528e-32 1.570500e-01
   4.865000e-01       4.7854195011    1.679929e+00 2.489247e-04 0.000000e+00 3.664082e-32 1.597864e-01
   4.870000e-01       4.7926991433    1.674363e+00 2.491156e-04 0.000000e+00 4.064013e-32 1.625694e-01
   4.875000e-01       4.7999866910    1.668703e+00 2.492909e-04 0.000000e+00 4.604176e-32 1.653994e-01
   4.880000e-01       4.8072818281    1.662947e+00 2.494507e-04 0.000000e+00 4.410380e-32 1.682772e-01
   4.885000e-01       4.8145842227    1.657094e+00 2.495948e-04 0.000000e+00 2.850376e-32 1.712035e-01
   4.890000e-01       4.8218935264    1.651143e+00 2.497229e-04 0.000000e+00 4.082971e-32 1.741789e-01
   4.895000e-01       4.8292093745    1.645092e+00 2.498348e-04 0.000000e+00 4.005934e-32 1.772041e-01
   4.900000e-01       4.8365313853    1.638941e+00 2.499300e-04 0.000000e+00 2.792598e-32 1.802798e-01
   4.905000e-01       4.8438591599    1.632687e+00 2.500084e-04 0.000000e+00 1.647874e-32 1.834066e-01
   4.910000e-01       4.8511922816    1.626330e+00 2.500693e-04 0.000000e+00 1.468522e-32 1.865852e-01
   4.915000e-01       4.8585303156    1.619867e+00 2.501123e-04 0.000000e+00 7.703720e-33 1.898163e-01
   4.920000e-01       4.8658728077    1.613299e+00 2.501368e-04 0.000000e+00 6.933348e-33 1.931005e-01
   4.925000e-01       4.8732192839    1.606623e+00 2.501424e-04 0.000000e+00 1.001484e-32 1.964386e-01
   4.930000e-01       4.8805692494    1.599837e+00 2.501283e-04 0.000000e+00 7.703720e-33 1.998311e-01
   4.935000e-01       4.8879221882    1.592942e+00 2.500941e-04 0.000000e+00 1.386670e-32 2.032789e-01
   4.940000e-01       4.8952775620    1.585935e+00 2.500391e-04 0.000000e+00 3.824175e-32 2.067824e-01
   4.945000e-01       4.9026348102    1.578815e+00 2.499630e-04 0.000000e+00 5.631239e-32 2.103424e-01
   4.950000e-01       4.9099933487    1.571581e+00 2.498651e-04 0.000000e+00 5.874086e-32 2.139595e-01
   4.955000e-01       4.9173525699    1.564232e+00 2.497450e-04 0.000000e+00 9.340760e-32 2.176345e-01
   4.960000e-01       4.9247118427    1.556765e+00 2.496025e-04 0.000000e+00 1.055410e-31 2.213678e-01
   4.965000e-01       4.9320705111    1.549181e+00 2.494371e-04 0.000000e+00 1.309632e-31 2.251602e-01
   4.970000e-01       4.9394278948    1.541477e+00 2.492486e-04 0.000000e+00 1.527262e-31 2.290122e-01
   4.975000e-01       4.9467832883    1.533653e+00 2.490369e-04 0.000000e+00 1.425188e-31 2.329246e-01
   4.980000e-01       4.9541359606    1.525707e+00 2.488017e-04 0.000000e+00 1.189382e-31 2.368978e-01
   4.985000e-01       4.9614851544    1.517638e+00 2.485428e-04 0.000000e+00 1.140151e-31 2.409326e-01
   4.990000e-01       4.9688300858    1.509445e+00 2.482601e-04 0.000000e+00 1.371262e-31 2.450294e-01
   4.995000e-01       4.9761699441    1.501126e+00 2.479535e-04 0.000000e+00 1.925930e-31 2.491889e-01
   5.000000e-01       4.9835038909    1.492682e+00 2.476228e-04 0.000000e+00 1.309632e-31 2.534116e-01
   5.005000e-01       4.9908310598    1.484109e+00 2.472677e-04 0.000000e+00 1.604300e-31 2.576981e-01
   5.010000e-01       4.9981505567    1.475408e+00 2.468880e-04 0.000000e+00 1.140151e-31 2.620489e-01
   5.015000e-01       5.0054614592    1.466578e+00 2.464833e-04 0.000000e+00 8.061221e-32 2.664645e-01
   5.020000e-01       5.0127628167    1.457617e+00 2.460533e-04 0.000000e+00 6.162976e-32 2.709454e-01
   5.025000e-01       5.0200536502    1.448525e+00 2.455975e-04 0.000000e+00 6.952607e-32 2.754921e-01
   5.030000e-01       5.0273329527    1.439300e+00 2.451154e-04 0.000000e+00 6.162976e-32 2.801050e-01
   5.035000e-01       5.0345996884    1.429941e+00 2.446064e-04 0.000000e+00 2.465190e-32 2.847847e-01
   5.040000e-01       5.0418527928    1.420449e+00 2.440701e-04 0.000000e+00 2.407412e-32 2.895314e-01
   5.045000e-01       5.0490911724    1.410822e+00 2.435057e-04 0.000000e+00 1.391484e-32 2.943456e-01
   5.050000e-01       5.0563137041    1.401059e+00 2.429128e-04 0.000000e+00 2.280120e-32 2.992276e-01
   5.055000e-01       5.0635192346    1.391160e+00 2.422906e-04 0.000000e+00 1.540744e-32 3.041778e-01
   5.060000e-01       5.0707065797    1.381124e+00 2.416386e-04 0.000000e+00 2.773339e-32 3.091965e-01
   5.065000e-01       5.0778745241    1.370950e+00 2.409564e-04 0.000000e+00 1.925930e-32 3.142840e-01
   5.070000e-01       5.0850218208    1.360638e+00 2.402435e-04 0.000000e+00 2.619265e-32 3.194405e-01
   5.075000e-01       5.0921471907    1.350189e+00 2.394994e-04 0.000000e+00 1.232595e-32 3.246662e-01
   5.080000e-01       5.0992493228    1.339600e+00 2.387239e-04 0.000000e+00 5.440752e-33 3.299614e-01
   5.085000e-01       5.1063268741    1.328872e+00 2.379168e-04 0.000000e+00 7.827100e-33 3.353260e-01
   5.090000e-01       5.1133784696    1.318005e+00 2.370777e-04 0.000000e+00 1.540744e-32 3.407604e-01
   5.095000e-01       5.1204027034    1.306999e+00 2.362067e-04 0.000000e+00 1.540744e-32 3.462644e-01
   5.100000e-01       5.1273981383    1.295853e+00 2.353036e-04 0.000000e+00 2.465190e-32 3.518382e-01
   5.105000e-01       5.1343633070    1.284568e+00 2.343684e-04 0.000000e+00 2.465190e-32 3.574817e-01
   5.110000e-01       5.1412967124    1.273143e+00 2.334010e-04 0.000000e+00 4.641491e-32 3.631949e-01
   5.115000e-01       5.1481968277    1.261580e+00 2.324014e-04 0.000000e+00 4.935195e-32 3.689777e-01
   5.120000e-01       5.1550620978    1.249878e+00 2.313695e-04 0.000000e+00 7.444923e-32 3.748298e-01
   5.125000e-01       5.1618909388    1.238037e+00 2.303052e-04 0.000000e+00 8.936315e-32 3.807511e-01
   5.130000e-01       5.1686817394    1.226059e+00 2.292084e-04 0.000000e+00 8.165943e-32 3.867413e-01
   5.135000e-01       5.1754328611    1.213943e+00 2.280789e-04 0.000000e+00 9.860761e-32 3.928002e-01
   5.140000e-01       5.1821426391    1.201692e+00 2.269165e-04 0.000000e+00 2.010671e-31 3.989273e-01
   5.145000e-01       5.1888093832    1.189304e+00 2.257208e-04 0.000000e+00 1.764152e-31 4.051222e-01
   5.150000e-01       5.1954313791    1.176782e+00 2.244917e-04 0.000000e+00 2.095412e-31 4.113844e-01
   5.155000e-01       5.2020068887    1.164127e+00 2.232288e-04 0.000000e+00 2.284634e-31 4.177134e-01
   5.160000e-01       5.2085341523    1.151339e+00 2.219316e-04 0.000000e+00 2.359264e-31 4.241086e-01
   5.165000e-01       5.2150113889    1.138420e+00 2.205999e-04 0.000000e+00 2.249486e-31 4.305692e-01
   5.170000e-01       5.2214367975    1.125372e+00 2.192334e-04 0.000000e+00 1.802670e-31 4.370946e-01
   5.175000e-01       5.2278085586    1.112196e+00 2.178318e-04 0.000000e+00 2.249486e-31 4.436840e-01
   5.180000e-01       5.2341248345    1.098894e+00 2.163949e-04 0.000000e+00 1.879708e-31 4.503364e-01
   5.185000e-01       5.2403837711    1.085468e+00 2.149225e-04 0.000000e+00 1.410262e-31 4.570508e-01
   5.190000e-01       5.2465834981    1.071920e+00 2.134147e-04 0.000000e+00 1.514262e-31 4.638264e-01
   5.195000e-01       5.2527221308    1.058252e+00 2.118714e-04 0.000000e+00 1.542670e-31 4.706619e-01
   5.200000e-01       5.2587977711    1.044467e+00 2.102928e-04 0.000000e+00 1.047706e-31 4.775562e-01
   5.205000e-01       5.2648085095    1.030567e+00 2.086790e-04 0.000000e+00 1.301929e-31 4.845079e-01
   5.210000e-01       5.2707524264    1.016554e+00 2.070305e-04 0.000000e+00 8.936315e-32 4.915159e-01
   5.215000e-01       5.2766275948    1.002432e+00 2.053476e-04 0.000000e+00 1.326966e-31 4.985786e-01
   5.220000e-01       5.2824320827    9.882037e-01 2.036306e-04 0.000000e+00 1.167595e-31 5.056945e-01
   5.225000e-01       5.2881639558    9.738720e-01 2.018801e-04 0.000000e+00 1.018817e-31 5.128621e-01
   5.230000e-01       5.2938212802    9.594405e-01 2.000966e-04 0.000000e+00 1.126669e-31 5.200796e-01
   5.235000e-01       5.2994021257    9.449127e-01 1.982805e-04 0.000000e+00 9.860761e-32 5.273454e-01
   5.240000e-01       5.3049045684    9.302923e-01 1.964323e-04 0.000000e+00 8.011869e-32 5.346574e-01
   5.245000e-01       5.3103266939    9.155831e-01 1.945526e-04 0.000000e+00 6.162976e-32 5.420139e-01
   5.250000e-01       5.3156666002    9.007894e-01 1.926417e-04 0.000000e+00 4.699269e-32 5.494127e-01
   5.255000e-01       5.3209224002    8.859152e-01 1.907001e-04 0.000000e+00 5.539757e-32 5.568517e-01
   5.260000e-01       5.3260922246    8.709651e-01 1.887282e-04 0.000000e+00 7.722979e-32 5.643287e-01
   5.265000e-01       5.3311742249    8.559437e-01 1.867264e-04 0.000000e+00 9.629650e-32 5.718414e-01
   5.270000e-01       5.3361665758    8.408558e-01 1.846952e-04 0.000000e+00 1.117039e-31 5.793874e-01
   5.275000e-01       5.3410674787    8.257064e-01 1.826348e-04 0.000000e+00 9.629650e-32 5.869642e-01
   5.280000e-01       5.3458751643    8.105007e-01 1.805458e-04 0.000000e+00 1.117039e-31 5.945691e-01
   5.285000e-01       5.3505878960    7.952441e-01 1.784287e-04 0.000000e+00 1.604300e-31 6.021995e-01
   5.290000e-01       5.3552039732    7.799421e-01 1.762839e-04 0.000000e+00 1.573908e-31 6.098527e-01
   5.295000e-01       5.3597217344    7.646005e-01 1.741121e-04 0.000000e+00 1.958671e-31 6.175256e-01
   5.300000e-01       5.3641395611    7.492252e-01 1.719141e-04 0.000000e+00 1.232595e-31 6.252155e-01
   5.305000e-01       5.3684558809    7.338223e-01 1.696906e-04 0.000000e+00 9.629650e-32 6.329191e-01
   5.310000e-01       5.3726691707    7.183982e-01 1.674426e-04 0.000000e+00 5.007418e-32 6.406335e-01
   5.315000e-01       5.3767779603    7.029592e-01 1.651711e-04 0.000000e+00 8.397055e-32 6.483552e-01
   5.320000e-01       5.3807808357    6.875122e-01 1.628773e-04 0.000000e+00 4.333342e-32 6.560810e-01
   5.325000e-01       5.3846764427    6.720638e-01 1.605623e-04 0.000000e+00 3.355933e-32 6.638075e-01
   5.330000e-01       5.3884634902    6.566211e-01 1.582275e-04 0.000000e+00 4.005934e-32 6.715312e-01
   5.335000e-01       5.3921407540    6.411913e-01 1.558743e-04 0.000000e+00 1.925930e-32 6.792485e-01
   5.340000e-01       5.3957070810    6.257816e-01 1.535041e-04 0.000000e+00 1.232595e-32 6.869557e-01
   5.345000e-01       5.3991613928    6.103996e-01 1.511184e-04 0.000000e+00 6.162976e-33 6.946491e-01
   5.350000e-01       5.4025026904    5.950529e-01 1.487186e-04 0.000000e+00 7.703720e-34 7.023248e-01
   5.355000e-01       5.4057300579    5.797493e-01 1.463063e-04 0.000000e+00 3.514822e-33 7.099791e-01
   5.360000e-01       5.4088426673    5.644967e-01 1.438830e-04 0.000000e+00 4.814825e-33 7.176078e-01
   5.365000e-01       5.4118397820    5.493031e-01 1.414502e-04 0.000000e+00 1.925930e-32 7.252070e-01
   5.370000e-01       5.4147207610    5.341768e-01 1.390093e-04 0.000000e+00 1.540744e-32 7.327726e-01
   5.375000e-01       5.4174850624    5.191260e-01 1.365618e-04 0.000000e+00 4.930381e-32 7.403004e-01
   5.380000e-01       5.4201322463    5.041592e-01 1.341093e-04 0.000000e+00 7.703720e-32 7.477863e-01
   5.385000e-01       5.4226619780    4.892849e-01 1.316531e-04 0.000000e+00 1.209484e-31 7.552259e-01
   5.390000e-01       5.4250740305    4.745116e-01 1.291949e-04 0.000000e+00 1.456485e-31 7.626150e-01
   5.395000e-01       5.4273682868    4.598482e-01 1.267360e-04 0.000000e+00 1.764152e-31 7.699492e-01
   5.400000e-01       5.4295447426    4.453032e-01 1.242782e-04 0.000000e+00 2.249486e-31 7.772241e-01
   5.405000e-01       5.4316035080    4.308857e-01 1.218230e-04 0.000000e+00 3.081488e-31 7.844353e-01
   5.410000e-01       5.4335448101    4.166044e-01 1.193721e-04 0.000000e+00 4.190824e-31 7.915784e-01
   5.415000e-01       5.4353689950    4.024682e-01 1.169273e-04 0.000000e+00 4.560602e-31 7.986489e-01
   5.420000e-01       5.4370765299    3.884863e-01 1.144904e-04 0.000000e+00 4.845640e-31 8.056424e-01
   5.425000e-01       5.4386680051    3.746674e-01 1.120634e-04 0.000000e+00 5.206782e-31 8.125542e-01
   5.430000e-01       5.4401441360    3.610206e-01 1.096483e-04 0.000000e+00 3.822971e-31 8.193800e-01
   5.435000e-01       5.4415057643    3.475549e-01 1.072471e-04 0.000000e+00 3.705489e-31 8.261153e-01
   5.440000e-01       5.4427538599    3.342793e-01 1.048620e-04 0.000000e+00 3.112303e-31 8.327555e-01
   5.445000e-01       5.4438895213    3.212026e-01 1.024952e-04 0.000000e+00 2.811858e-31 8.392962e-01
   5.450000e-01       5.4449139770    3.083337e-01 1.001489e-04 0.000000e+00 9.629650e-32 8.457330e-01
   5.455000e-01       5.4458285853    2.956814e-01 9.782534e-05 0.000000e+00 9.860761e-32 8.520615e-01
   5.460000e-01       5.4466348349    2.832546e-01 9.552676e-05 0.000000e+00 3.779638e-32 8.582772e-01
   5.465000e-01       5.4473343449    2.710618e-01 9.325539e-05 0.000000e+00 2.234079e-32 8.643758e-01
   5.470000e-01       5.4479288647    2.591116e-01 9.101345e-05 0.000000e+00 1.540744e-32 8.703532e-01
   5.475000e-01       5.4484202734    2.474125e-01 8.880312e-05 0.000000e+00 4.005934e-32 8.762050e-01
   5.480000e-01       5.4488105797    2.359727e-01 8.662653e-05 0.000000e+00 5.007418e-32 8.819270e-01
   5.485000e-01       5.4491019209    2.248004e-01 8.448577e-05 0.000000e+00 9.013352e-32 8.875153e-01
   5.490000e-01       5.4492965617    2.139036e-01 8.238292e-05 0.000000e+00 1.625605e-31 8.929658e-01
   5.495000e-01       5.4493968925    2.032902e-01 8.031996e-05 0.000000e+00 1.897041e-31 8.982746e-01
   5.500000e-01       5.4494054276    1.929678e-01 7.829889e-05 0.000000e+00 2.249486e-31 9.034378e-01
   5.505000e-01       5.4493248022    1.829437e-01 7.632163e-05 0.000000e+00 3.081488e-31 9.084518e-01
   5.510000e-01       5.4491577698    1.732253e-01 7.439010e-05 0.000000e+00 2.619265e-31 9.133130e-01
   5.515000e-01       5.4489071978    1.638195e-01 7.250620e-05 0.000000e+00 2.873487e-31 9.180178e-01
   5.520000e-01       5.4485760639    1.547329e-01 7.067180e-05 0.000000e+00 2.729043e-31 9.225629e-01
   5.525000e-01       5.4481674516    1.459722e-01 6.888879e-05 0.000000e+00 2.471088e-31 9.269450e-01
   5.530000e-01       5.4476845456    1.375434e-01 6.715903e-05 0.000000e+00 2.482524e-31 9.311611e-01
   5.535000e-01       5.4471306271    1.294525e-01 6.548437e-05 0.000000e+00 3.112303e-31 9.352083e-01
   5.540000e-01       5.4465090685    1.217050e-01 6.386666e-05 0.000000e+00 2.773339e-31 9.390836e-01
   5.545000e-01       5.4458233289    1.143063e-01 6.230776e-05 0.000000e+00 3.081488e-31 9.427846e-01
   5.550000e-01       5.4450769486    1.072612e-01 6.080947e-05 0.000000e+00 2.619265e-31 9.463086e-01
   5.555000e-01       5.4442735438    1.005743e-01 5.937359e-05 0.000000e+00 2.636598e-31 9.496535e-01
   5.560000e-01       5.4434168012    9.424987e-02 5.800187e-05 0.000000e+00 2.596635e-31 9.528171e-01
   5.565000e-01       5.4425104718    8.829181e-02 5.669601e-05 0.000000e+00 2.619265e-31 9.557974e-01
   5.570000e-01       5.4415583645    8.270357e-02 5.545767e-05 0.000000e+00 2.773339e-31 9.585928e-01
   5.575000e-01       5.4405643398    7.748824e-02 5.428840e-05 0.000000e+00 2.742524e-31 9.612016e-01
   5.580000e-01       5.4395323027    7.264850e-02 5.318970e-05 0.000000e+00 2.989043e-31 9.636226e-01
   5.585000e-01       5.4384661953    6.818664e-02 5.216297e-05 0.000000e+00 2.781043e-31 9.658545e-01
   5.590000e-01       5.4373699895    6.410450e-02 5.120950e-05 0.000000e+00 2.550413e-31 9.678965e-01
   5.595000e-01       5.4362476796    6.040350e-02 5.033049e-05 0.000000e+00 2.759858e-31 9.697479e-01
   5.600000e-01       5.4351032739    5.708461e-02 4.952700e-05 0.000000e+00 2.349635e-31 9.714082e-01
   5.605000e-01       5.4339407876    5.414834e-02 4.880001e-05 0.000000e+00 2.619265e-31 9.728770e-01
   5.610000e-01       5.4327642348    5.159476e-02 4.815035e-05 0.000000e+00 2.742524e-31 9.741545e-01
   5.615000e-01       5.4315776197    4.942346e-02 4.757874e-05 0.000000e+00 1.787263e-31 9.752407e-01
   5.620000e-01       5.4303849290    4.763356e-02 4.708581e-05 0.000000e+00 1.742967e-31 9.761361e-01
   5.625000e-01       5.4291901229    4.622371e-02 4.667202e-05 0.000000e+00 1.672791e-31 9.768415e-01
   5.630000e-01       5.4279971261    4.519205e-02 4.633777e-05 0.000000e+00 1.733337e-31 9.773576e-01
   5.635000e-01       5.4268098187    4.453626e-02 4.608330e-05 0.000000e+00 1.386670e-31 9.776858e-01
   5.640000e-01       5.4256320263    4.425349e-02 4.590877e-05 0.000000e+00 7.703720e-32 9.778273e-01
   5.645000e-01       5.4244675107    4.434043e-02 4.581422e-05 0.000000e+00 4.930381e-32 9.777840e-01
   5.650000e-01       5.4233199598    4.479323e-02 4.579958e-05 0.000000e+00 2.234079e-32 9.775576e-01
   5.655000e-01       5.4221929780    4.560755e-02 4.586468e-05 0.000000e+00 3.009266e-32 9.771504e-01
   5.660000e-01       5.4210900764    4.677855e-02 4.600925e-05 0.000000e+00 1.232595e-32 9.765647e-01
   5.665000e-01       5.4200146633    4.830086e-02 4.623289e-05 0.000000e+00 4.005934e-32 9.758033e-01
   5.670000e-01       5.4189700355    5.016861e-02 4.653511e-05 0.000000e+00 1.047706e-31 9.748692e-01
   5.675000e-01       5.4179593687    5.237543e-02 4.691532e-05 0.000000e+00 1.540744e-31 9.737654e-01
   5.680000e-01       5.4169857091    5.491440e-02 4.737278e-05 0.000000e+00 2.565339e-31 9.724954e-01
   5.685000e-01       5.4160519646    5.777814e-02 4.790667e-05 0.000000e+00 1.733337e-31 9.710630e-01
   5.690000e-01       5.4151608959    6.095872e-02 4.851600e-05 0.000000e+00 2.013095e-31 9.694721e-01
   5.695000e-01       5.4143151085    6.444773e-02 4.919970e-05 0.000000e+00 2.913932e-31 9.677269e-01
   5.700000e-01       5.4135170434    6.823624e-02 4.995652e-05 0.000000e+00 3.728600e-31 9.658319e-01
   5.705000e-01       5.4127689686    7.231483e-02 5.078508e-05 0.000000e+00 3.851860e-31 9.637918e-01
   5.710000e-01       5.4120729706    7.667359e-02 5.168384e-05 0.000000e+00 3.266377e-31 9.616115e-01
   5.715000e-01       5.4114309460    8.130211e-02 5.265110e-05 0.000000e+00 3.335711e-31 9.592963e-01
   5.720000e-01       5.4108445928    8.618949e-02 5.368500e-05 0.000000e+00 3.422378e-31 9.568516e-01
   5.725000e-01       5.4103154028    9.132436e-02 5.478350e-05 0.000000e+00 2.811858e-31 9.542830e-01
   5.730000e-01       5.4098446538    9.669489e-02 5.594438e-05 0.000000e+00 2.526820e-31 9.515966e-01
   5.735000e-01       5.4094334017    1.022888e-01 5.716526e-05 0.000000e+00 2.526820e-31 9.487984e-01
   5.740000e-01       5.4090824742    1.080933e-01 5.844356e-05 0.000000e+00 2.619265e-31 9.458949e-01
   5.745000e-01       5.4087924631    1.140952e-01 5.977656e-05 0.000000e+00 1.887411e-31 9.428926e-01
   5.750000e-01       5.4085637182    1.202809e-01 6.116135e-05 0.000000e+00 1.263410e-31 9.397984e-01
   5.755000e-01       5.4083963407    1.266363e-01 6.259486e-05 0.000000e+00 1.209484e-31 9.366192e-01
   5.760000e-01       5.4082901770    1.331471e-01 6.407390e-05 0.000000e+00 1.579263e-31 9.333624e-01
   5.765000e-01       5.4082448132    1.397984e-01 6.559511e-05 0.000000e+00 1.856596e-31 9.300352e-01
   5.770000e-01       5.4082595696    1.465750e-01 6.715502e-05 0.000000e+00 1.972152e-31 9.266453e-01
   5.775000e-01       5.4083334956    1.534613e-01 6.875004e-05 0.000000e+00 2.095412e-31 9.232006e-01
   5.780000e-01       5.4084653665    1.604415e-01 7.037650e-05 0.000000e+00 2.280301e-31 9.197089e-01
   5.785000e-01       5.4086536796    1.674994e-01 7.203060e-05 0.000000e+00 2.343857e-31 9.161783e-01
   5.790000e-01       5.4088966519    1.746183e-01 7.370848e-05 0.000000e+00 2.423911e-31 9.126171e-01
   5.795000e-01       5.4091922193    1.817817e-01 7.540619e-05 0.000000e+00 2.960154e-31 9.090337e-01
   5.800000e-01       5.4095380360    1.889725e-01 7.711971e-05 0.000000e+00 3.397340e-31 9.054367e-01
   5.805000e-01       5.4099314746    1.961733e-01 7.884491e-05 0.000000e+00 3.112303e-31 9.018345e-01
   5.810000e-01       5.4103696282    2.033669e-01 8.057761e-05 0.000000e+00 2.773339e-31 8.982360e-01
   5.815000e-01       5.4108493122    2.105355e-01 8.231354e-05 0.000000e+00 3.605341e-31 8.946499e-01
   5.820000e-01       5.4113670672    2.176615e-01 8.404832e-05 0.000000e+00 2.742524e-31 8.910852e-01
   5.825000e-01       5.4119191630    2.247270e-01 8.577748e-05 0.000000e+00 2.034264e-31 8.875507e-01
   5.830000e-01       5.4125016029    2.317141e-01 8.749645e-05 0.000000e+00 1.540744e-31 8.840554e-01
   5.835000e-01       5.4131101296    2.386049e-01 8.920057e-05 0.000000e+00 1.386670e-31 8.806083e-01
   5.840000e-01       5.4137402313    2.453815e-01 9.088505e-05 0.000000e+00 1.633189e-31 8.772184e-01
   5.845000e-01       5.4143871497    2.520259e-01 9.254504e-05 0.000000e+00 1.486818e-31 8.738945e-01
   5.850000e-01       5.4150458886    2.585204e-01 9.417558e-05 0.000000e+00 8.705203e-32 8.706456e-01
   5.855000e-01       5.4157112246    2.648474e-01 9.577164e-05 0.000000e+00 8.504184e-32 8.674805e-01
   5.860000e-01       5.4163777186    2.709892e-01 9.732816e-05 0.000000e+00 1.209484e-31 8.644081e-01
   5.865000e-01       5.4170397284    2.769287e-01 9.884003e-05 0.000000e+00 1.787263e-31 8.614368e-01
   5.870000e-01       5.4176914237    2.826488e-01 1.003022e-04 0.000000e+00 2.095412e-31 8.585753e-01
   5.875000e-01       5.4183268012    2.881329e-01 1.017095e-04 0.000000e+00 2.002967e-31 8.558318e-01
   5.880000e-01       5.4189397021    2.933646e-01 1.030570e-04 0.000000e+00 3.274081e-31 8.532146e-01
   5.885000e-01       5.4195238294    2.983281e-01 1.043397e-04 0.000000e+00 3.428155e-31 8.507316e-01
   5.890000e-01       5.4200727685    3.030078e-01 1.055529e-04 0.000000e+00 3.196639e-31 8.483906e-01
   5.895000e-01       5.4205800072    3.073889e-01 1.066919e-04 0.000000e+00 5.277048e-31 8.461988e-01
   5.900000e-01       5.4210389581    3.114571e-01 1.077522e-04 0.000000e+00 4.221638e-31 8.441637e-01
   5.905000e-01       5.4214429826    3.151987e-01 1.087295e-04 0.000000e+00 5.330974e-31 8.422919e-01
   5.910000e-01       5.4217854154    3.186006e-01 1.096197e-04 0.000000e+00 5.207715e-31 8.405901e-01
   5.915000e-01       5.4220595913    3.216506e-01 1.104189e-04 0.000000e+00 4.629936e-31 8.390643e-01
   5.920000e-01       5.4222588728    3.243373e-01 1.111233e-04 0.000000e+00 4.932307e-31 8.377202e-01
   5.925000e-01       5.4223766790    3.266499e-01 1.117294e-04 0.000000e+00 5.731688e-31 8.365633e-01
   5.930000e-01       5.4224065151    3.285788e-01 1.122341e-04 0.000000e+00 6.162976e-31 8.355984e-01
   5.935000e-01       5.4223420033    3.301152e-01 1.126340e-04 0.000000e+00 6.786977e-31 8.348297e-01
   5.940000e-01       5.4221769135    3.312514e-01 1.129265e-04 0.000000e+00 9.398538e-31 8.342614e-01
   5.945000e-01       5.4219051948    3.319806e-01 1.131088e-04 0.000000e+00 8.081202e-31 8.338966e-01
   5.950000e-01       5.4215210066    3.322972e-01 1.131785e-04 0.000000e+00 8.913204e-31 8.337382e-01
   5.955000e-01       5.4210187506    3.321968e-01 1.131334e-04 0.000000e+00 7.284349e-31 8.337885e-01
   5.960000e-01       5.4203931017    3.316760e-01 1.129716e-04 0.000000e+00 6.772051e-31 8.340490e-01
   5.965000e-01       5.4196390395    3.307328e-01 1.126913e-04 0.000000e+00 1.033069e-30 8.345209e-01
   5.970000e-01       5.4187518789    3.293663e-01 1.122913e-04 0.000000e+00 1.005335e-30 8.352046e-01
   5.975000e-01       5.4177273008    3.275770e-01 1.117704e-04 0.000000e+00 1.038461e-30 8.360997e-01
   5.980000e-01       5.4165613818    3.253666e-01 1.111280e-04 0.000000e+00 9.282982e-31 8.372056e-01
   5.985000e-01       5.4152506231    3.227381e-01 1.103639e-04 0.000000e+00 6.981496e-31 8.385206e-01
   5.990000e-01       5.4137919787    3.196960e-01 1.094782e-04 0.000000e+00 6.036948e-31 8.400425e-01
   5.995000e-01       5.4121828816    3.162459e-01 1.084715e-04 0.000000e+00 5.348307e-31 8.417686e-01
   6.000000e-01       5.4104212691    3.123950e-01 1.073448e-04 0.000000e+00 4.005934e-31 8.436952e-01
   6.005000e-01       5.4085056053    3.081516e-01 1.060996e-04 0.000000e+00 2.989043e-31 8.458181e-01
   6.010000e-01       5.4064349025    3.035255e-01 1.047380e-04 0.000000e+00 2.619265e-31 8.481325e-01
   6.015000e-01       5.4042087395    2.985277e-01 1.032624e-04 0.000000e+00 3.089192e-31 8.506329e-01
   6.020000e-01       5.4018272781    2.931706e-01 1.016756e-04 0.000000e+00 1.111262e-31 8.533130e-01
   6.025000e-01       5.3992912767    2.874678e-01 9.998114e-05 0.000000e+00 1.591300e-31 8.561661e-01
   6.030000e-01       5.3966021014    2.814341e-01 9.818266e-05 0.000000e+00 4.054083e-31 8.591848e-01
   6.035000e-01       5.3937617347    2.750856e-01 9.628435e-05 0.000000e+00 3.851860e-31 8.623609e-01
   6.040000e-01       5.3907727812    2.684394e-01 9.429073e-05 0.000000e+00 4.190824e-31 8.656860e-01
   6.045000e-01       5.3876384702    2.615138e-01 9.220667e-05 0.000000e+00 5.461937e-31 8.691509e-01
   6.050000e-01       5.3843626556    2.543281e-01 9.003733e-05 0.000000e+00 6.509643e-31 8.727459e-01
   6.055000e-01       5.3809498124    2.469026e-01 8.778818e-05 0.000000e+00 5.585197e-31 8.764609e-01
   6.060000e-01       5.3774050296    2.392585e-01 8.546495e-05 0.000000e+00 6.047420e-31 8.802853e-01
   6.065000e-01       5.3737340007    2.314177e-01 8.307365e-05 0.000000e+00 8.820759e-31 8.842081e-01
   6.070000e-01       5.3699430094    2.234030e-01 8.062051e-05 0.000000e+00 9.159723e-31 8.882179e-01
   6.075000e-01       5.3660389127    2.152378e-01 7.811200e-05 0.000000e+00 1.124743e-30 8.923030e-01
   6.080000e-01       5.3620291212    2.069462e-01 7.555482e-05 0.000000e+00 1.140151e-30 8.964513e-01
   6.085000e-01       5.3579215755    1.985527e-01 7.295591e-05 0.000000e+00 9.190538e-31 9.006507e-01
   6.090000e-01       5.3537247202    1.900822e-01 7.032238e-05 0.000000e+00 8.154508e-31 9.048886e-01
   6.095000e-01       5.3494474752    1.815599e-01 6.766157e-05 0.000000e+00 8.907426e-31 9.091524e-01
   6.100000e-01       5.3450992046    1.730112e-01 6.498099e-05 0.000000e+00 8.512610e-31 9.134294e-01
   6.105000e-01       5.3406896832    1.644618e-01 6.228832e-05 0.000000e+00 7.179867e-31 9.177068e-01
   6.110000e-01       5.3362290612    1.559372e-01 5.959135e-05 0.000000e+00 6.810088e-31 9.219718e-01
   6.115000e-01       5.3317278266    1.474630e-01 5.689800e-05 0.000000e+00 6.933348e-31 9.262116e-01
   6.120000e-01       5.3271967663    1.390646e-01 5.421624e-05 0.000000e+00 8.137054e-31 9.304135e-01
   6.125000e-01       5.3226469248    1.307671e-01 5.155410e-05 0.000000e+00 9.637835e-31 9.345649e-01
   6.130000e-01       5.3180895623    1.225952e-01 4.891955e-05 0.000000e+00 7.905942e-31 9.386535e-01
   6.135000e-01       5.3135361109    1.145734e-01 4.632055e-05 0.000000e+00 9.182834e-31 9.426670e-01
   6.140000e-01       5.3089981305    1.067254e-01 4.376494e-05 0.000000e+00 1.149395e-30 9.465935e-01
   6.145000e-01       5.3044872629    9.907445e-02 4.126044e-05 0.000000e+00 9.121204e-31 9.504215e-01
   6.150000e-01       5.3000151870    9.164310e-02 3.881458e-05 0.000000e+00 8.605055e-31 9.541396e-01
   6.155000e-01       5.2955935720    8.445309e-02 3.643469e-05 0.000000e+00 5.689679e-31 9.577370e-01
   6.160000e-01       5.2912340320    7.752533e-02 3.412787e-05 0.000000e+00 6.294421e-31 9.612032e-01
   6.165000e-01       5.2869480800    7.087982e-02 3.190096e-05 0.000000e+00 6.941052e-31 9.645282e-01
   6.170000e-01       5.2827470819    6.453556e-02 2.976051e-05 0.000000e+00 7.426386e-31 9.677025e-01
   6.175000e-01       5.2786422116    5.851053e-02 2.771276e-05 0.000000e+00 7.149052e-31 9.707170e-01
   6.180000e-01       5.2746444055    5.282158e-02 2.576367e-05 0.000000e+00 6.571273e-31 9.735634e-01
   6.185000e-01       5.2707643182    4.748441e-02 2.391883e-05 0.000000e+00 6.657940e-31 9.762339e-01
   6.190000e-01       5.2670122780    4.251350e-02 2.218353e-05 0.000000e+00 7.226360e-31 9.787211e-01
   6.195000e-01       5.2633982430    3.792209e-02 2.056267e-05 0.000000e+00 5.641049e-31 9.810184e-01
   6.200000e-01       5.2599317591    3.372208e-02 1.906080e-05 0.000000e+00 5.400308e-31 9.831199e-01
   6.205000e-01       5.2566219171    2.992406e-02 1.768210e-05 0.000000e+00 5.207715e-31 9.850203e-01
   6.210000e-01       5.2534773118    2.653723e-02 1.643032e-05 0.000000e+00 5.485048e-31 9.867150e-01
   6.215000e-01       5.2505060026    2.356937e-02 1.530883e-05 0.000000e+00 5.947272e-31 9.882000e-01
   6.220000e-01       5.2477154744    2.102685e-02 1.432056e-05 0.000000e+00 4.670380e-31 9.894723e-01
   6.225000e-01       5.2451126007    1.891455e-02 1.346798e-05 0.000000e+00 4.593343e-31 9.905293e-01
   6.230000e-01       5.2427036072    1.723588e-02 1.275310e-05 0.000000e+00 4.498972e-31 9.913693e-01
   6.235000e-01       5.2404940374    1.599276e-02 1.217747e-05 0.000000e+00 5.330974e-31 9.919914e-01
   6.240000e-01       5.2384887190    1.518557e-02 1.174213e-05 0.000000e+00 7.056607e-31 9.923955e-01
   6.245000e-01       5.2366917321    1.481320e-02 1.144762e-05 0.000000e+00 5.585197e-31 9.925820e-01
   6.250000e-01       5.2351063783    1.487297e-02 1.129396e-05 0.000000e+00 6.047420e-31 9.925522e-01
   6.255000e-01       5.2337351509    1.536070e-02 1.128067e-05 0.000000e+00 3.822971e-31 9.923084e-01
   6.260000e-01       5.2325797077    1.627064e-02 1.140673e-05 0.000000e+00 4.221638e-31 9.918533e-01
   6.265000e-01       5.2316408444    1.759554e-02 1.167061e-05 0.000000e+00 4.468157e-31 9.911906e-01
   6.270000e-01       5.2309184699    1.932658e-02 1.207024e-05 0.000000e+00 3.759415e-31 9.903246e-01
   6.275000e-01       5.2304115841    2.145344e-02 1.260303e-05 0.000000e+00 4.221638e-31 9.892607e-01
   6.280000e-01       5.2301182576    2.396429e-02 1.326585e-05 0.000000e+00 3.736304e-31 9.880046e-01
   6.285000e-01       5.2300356139    2.684581e-02 1.405507e-05 0.000000e+00 3.019858e-31 9.865630e-01
   6.290000e-01       5.2301598135    3.008319e-02 1.496649e-05 0.000000e+00 2.990969e-31 9.849434e-01
   6.295000e-01       5.2304860418    3.366018e-02 1.599541e-05 0.000000e+00 3.705489e-31 9.831539e-01
   6.300000e-01       5.2310084991    3.755913e-02 1.713661e-05 0.000000e+00 4.560602e-31 9.812033e-01
   6.305000e-01       5.2317203946    4.176096e-02 1.838430e-05 0.000000e+00 3.081488e-31 9.791011e-01
   6.310000e-01       5.2326139430    4.624530e-02 1.973222e-05 0.000000e+00 2.002967e-31 9.768576e-01
   6.315000e-01       5.2336803662    5.099043e-02 2.117357e-05 0.000000e+00 2.719413e-31 9.744836e-01
   6.320000e-01       5.2349098984    5.597343e-02 2.270104e-05 0.000000e+00 3.206673e-31 9.719906e-01
   6.325000e-01       5.2362917973    6.117016e-02 2.430685e-05 0.000000e+00 3.274081e-31 9.693906e-01
   6.330000e-01       5.2378143594    6.655536e-02 2.598276e-05 0.000000e+00 3.574526e-31 9.666963e-01
   6.335000e-01       5.2394649420    7.210275e-02 2.772008e-05 0.000000e+00 4.468157e-31 9.639209e-01
   6.340000e-01       5.2412299916    7.778505e-02 2.950973e-05 0.000000e+00 4.560602e-31 9.610780e-01
   6.345000e-01       5.2430950788    8.357414e-02 3.134226e-05 0.000000e+00 5.700753e-31 9.581816e-01
   6.350000e-01       5.2450449406    8.944111e-02 3.320790e-05 0.000000e+00 5.184603e-31 9.552462e-01
   6.355000e-01       5.2470635296    9.535637e-02 3.509660e-05 0.000000e+00 4.287872e-31 9.522867e-01
   6.360000e-01       5.2491340721    1.012898e-01 3.699807e-05 0.000000e+00 3.705489e-31 9.493181e-01
   6.365000e-01       5.2512391326    1.072109e-01 3.890187e-05 0.000000e+00 4.498972e-31 9.463556e-01
   6.370000e-01       5.2533606879    1.130889e-01 4.079738e-05 0.000000e+00 5.485048e-31 9.434148e-01
   6.375000e-01       5.2554802087    1.188927e-01 4.267394e-05 0.000000e+00 5.207715e-31 9.405110e-01
   6.380000e-01       5.2575787495    1.245916e-01 4.452083e-05 0.000000e+00 4.714677e-31 9.376597e-01
   6.385000e-01       5.2596370471    1.301547e-01 4.632735e-05 0.000000e+00 4.837936e-31 9.348763e-01
   6.390000e-01       5.2616356272    1.355516e-01 4.808285e-05 0.000000e+00 4.005934e-31 9.321761e-01
   6.395000e-01       5.2635549184    1.407527e-01 4.977682e-05 0.000000e+00 5.030529e-31 9.295739e-01
   6.400000e-01       5.2653753739    1.457286e-01 5.139887e-05 0.000000e+00 6.417199e-31 9.270843e-01
   6.405000e-01       5.2670775996    1.504513e-01 5.293888e-05 0.000000e+00 5.330974e-31 9.247214e-01
   6.410000e-01       5.2686424876    1.548937e-01 5.438697e-05 0.000000e+00 4.938084e-31 9.224988e-01
   6.415000e-01       5.2700513549    1.590300e-01 5.573363e-05 0.000000e+00 4.221638e-31 9.204293e-01
   6.420000e-01       5.2712860846    1.628358e-01 5.696976e-05 0.000000e+00 3.853906e-31 9.185251e-01
   6.425000e-01       5.2723292701    1.662886e-01 5.808674e-05 0.000000e+00 3.482081e-31 9.167976e-01
   6.430000e-01       5.2731643592    1.693676e-01 5.907654e-05 0.000000e+00 3.705489e-31 9.152571e-01
   6.435000e-01       5.2737757970    1.720540e-01 5.993178e-05 0.000000e+00 4.005934e-31 9.139131e-01
   6.440000e-01       5.2741491669    1.743315e-01 6.064580e-05 0.000000e+00 3.112303e-31 9.127736e-01
   6.445000e-01       5.2742713266    1.761857e-01 6.121276e-05 0.000000e+00 2.773339e-31 9.118459e-01
   6.450000e-01       5.2741305385    1.776051e-01 6.162773e-05 0.000000e+00 1.974078e-31 9.111358e-01
   6.455000e-01       5.2737165918    1.785807e-01 6.188669e-05 0.000000e+00 1.363348e-31 9.106478e-01
   6.460000e-01       5.2730209158    1.791061e-01 6.198666e-05 0.000000e+00 1.386670e-31 9.103850e-01
   6.465000e-01       5.2720366811    1.791779e-01 6.192569e-05 0.000000e+00 2.133930e-31 9.103491e-01
   6.470000e-01       5.2707588883    1.787955e-01 6.170294e-05 0.000000e+00 1.787263e-31 9.105406e-01
   6.475000e-01       5.2691844419    1.779611e-01 6.131861e-05 0.000000e+00 2.526820e-31 9.109581e-01
   6.480000e-01       5.2673122084    1.766801e-01 6.077405e-05 0.000000e+00 2.349635e-31 9.115992e-01
   6.485000e-01       5.2651430575    1.749605e-01 6.007165e-05 0.000000e+00 1.799300e-31 9.124597e-01
   6.490000e-01       5.2626798851    1.728134e-01 5.921488e-05 0.000000e+00 1.897041e-31 9.135341e-01
   6.495000e-01       5.2599276175    1.702526e-01 5.820822e-05 0.000000e+00 2.041486e-31 9.148155e-01
   6.500000e-01       5.2568931975    1.672945e-01 5.705711e-05 0.000000e+00 1.887411e-31 9.162957e-01
   6.505000e-01       5.2535855510    1.639584e-01 5.576795e-05 0.000000e+00 2.095412e-31 9.179650e-01
   6.510000e-01       5.2500155353    1.602657e-01 5.434799e-05 0.000000e+00 1.425188e-31 9.198128e-01
   6.515000e-01       5.2461958696    1.562404e-01 5.280530e-05 0.000000e+00 1.733337e-31 9.218270e-01
   6.520000e-01       5.2421410480    1.519083e-01 5.114871e-05 0.000000e+00 1.564337e-31 9.239947e-01
   6.525000e-01       5.2378672369    1.472974e-01 4.938776e-05 0.000000e+00 1.386670e-31 9.263019e-01
   6.530000e-01       5.2333921575    1.424372e-01 4.753261e-05 0.000000e+00 9.860761e-32 9.287339e-01
   6.535000e-01       5.2287349545    1.373587e-01 4.559400e-05 0.000000e+00 1.047706e-31 9.312751e-01
   6.540000e-01       5.2239160541    1.320941e-01 4.358318e-05 0.000000e+00 6.162976e-32 9.339094e-01
   6.545000e-01       5.2189570113    1.266766e-01 4.151183e-05 0.000000e+00 5.007418e-32 9.366202e-01
   6.550000e-01       5.2138803496    1.211403e-01 3.939199e-05 0.000000e+00 5.007418e-32 9.393905e-01
   6.555000e-01       5.2087093946    1.155194e-01 3.723598e-05 0.000000e+00 4.930381e-32 9.422031e-01
   6.560000e-01       5.2034681037    1.098487e-01 3.505632e-05 0.000000e+00 5.238529e-32 9.450406e-01
   6.565000e-01       5.1981808935    1.041628e-01 3.286562e-05 0.000000e+00 7.703720e-32 9.478857e-01
   6.570000e-01       5.1928724670    9.849611e-02 3.067650e-05 0.000000e+00 1.232595e-31 9.507213e-01
   6.575000e-01       5.1875676423    9.288247e-02 2.850152e-05 0.000000e+00 1.972152e-31 9.535303e-01
   6.580000e-01       5.1822911840    8.735511e-02 2.635304e-05 0.000000e+00 2.526820e-31 9.562961e-01
   6.585000e-01       5.1770676390    8.194633e-02 2.424314e-05 0.000000e+00 3.206673e-31 9.590026e-01
   6.590000e-01       5.1719211774    7.668731e-02 2.218355e-05 0.000000e+00 2.654413e-31 9.616342e-01
   6.595000e-01       5.1668754394    7.160796e-02 2.018556e-05 0.000000e+00 2.411264e-31 9.641758e-01
   6.600000e-01       5.1619533899    6.673672e-02 1.825994e-05 0.000000e+00 2.002967e-31 9.666134e-01
   6.605000e-01       5.1571771796    6.210045e-02 1.641688e-05 0.000000e+00 1.972152e-31 9.689334e-01
   6.610000e-01       5.1525680148    5.772425e-02 1.466594e-05 0.000000e+00 1.633189e-31 9.711232e-01
   6.615000e-01       5.1481460346    5.363136e-02 1.301599e-05 0.000000e+00 8.185202e-32 9.731713e-01
   6.620000e-01       5.1439301968    4.984306e-02 1.147518e-05 0.000000e+00 7.468113e-32 9.750670e-01
   6.625000e-01       5.1399381726    4.637853e-02 1.005091e-05 0.000000e+00 6.028161e-32 9.768007e-01
   6.630000e-01       5.1361862483    4.325484e-02 8.749816e-06 0.000000e+00 2.465190e-32 9.783638e-01
   6.635000e-01       5.1326892363    4.048682e-02 7.577712e-06 0.000000e+00 3.081488e-33 9.797490e-01
   6.640000e-01       5.1294603927    3.808702e-02 6.539611e-06 0.000000e+00 1.540744e-32 9.809500e-01
   6.645000e-01       5.1265113436    3.606568e-02 5.639689e-06 0.000000e+00 7.780757e-32 9.819615e-01
   6.650000e-01       5.1238520171    3.443068e-02 4.881273e-06 0.000000e+00 1.109817e-31 9.827798e-01
   6.655000e-01       5.1214905830    3.318751e-02 4.266826e-06 0.000000e+00 5.007418e-32 9.834020e-01
   6.660000e-01       5.1194333987    3.233927e-02 3.797933e-06 0.000000e+00 1.972152e-31 9.838266e-01
   6.665000e-01       5.1176849610    3.188664e-02 3.475287e-06 0.000000e+00 5.238529e-32 9.840532e-01
   6.670000e-01       5.1162478645    3.182788e-02 3.298680e-06 0.000000e+00 8.011869e-32 9.840828e-01
   6.675000e-01       5.1151227660    3.215885e-02 3.266994e-06 0.000000e+00 1.540744e-31 9.839173e-01
   6.680000e-01       5.1143083557    3.287303e-02 3.378202e-06 0.000000e+00 1.434818e-31 9.835601e-01
   6.685000e-01       5.1138013339    3.396151e-02 3.629365e-06 0.000000e+00 2.554265e-31 9.830156e-01
   6.690000e-01       5.1135963964    3.541306e-02 4.016642e-06 0.000000e+00 3.089192e-31 9.822895e-01
   6.695000e-01       5.1136862262    3.721413e-02 4.535306e-06 0.000000e+00 1.579263e-31 9.813884e-01
   6.700000e-01       5.1140614946    3.934893e-02 5.179762e-06 0.000000e+00 1.140151e-31 9.803204e-01
   6.705000e-01       5.1147108703    4.179945e-02 5.943574e-06 0.000000e+00 1.787263e-31 9.790943e-01
   6.710000e-01       5.1156210398    4.454558e-02 6.819493e-06 0.000000e+00 1.602374e-31 9.777204e-01
   6.715000e-01       5.1167767387    4.756515e-02 7.799494e-06 0.000000e+00 1.804596e-31 9.762096e-01
   6.720000e-01       5.1181607949    5.083403e-02 8.874813e-06 0.000000e+00 2.349635e-31 9.745741e-01
   6.725000e-01       5.1197541862    5.432625e-02 1.003599e-05 0.000000e+00 1.579263e-31 9.728268e-01
   6.730000e-01       5.1215361134    5.801411e-02 1.127291e-05 0.000000e+00 1.509929e-31 9.709817e-01
   6.735000e-01       5.1234840892    6.186834e-02 1.257485e-05 0.000000e+00 2.002967e-31 9.690533e-01
   6.740000e-01       5.1255740454    6.585824e-02 1.393054e-05 0.000000e+00 2.503709e-31 9.670570e-01
   6.745000e-01       5.1277804597    6.995184e-02 1.532821e-05 0.000000e+00 3.081488e-31 9.650088e-01
   6.750000e-01       5.1300765018    7.411616e-02 1.675565e-05 0.000000e+00 2.503709e-31 9.629252e-01
   6.755000e-01       5.1324342010    7.831736e-02 1.820030e-05 0.000000e+00 3.900008e-31 9.608231e-01
   6.760000e-01       5.1348246345    8.252100e-02 1.964930e-05 0.000000e+00 3.851860e-31 9.587199e-01
   6.765000e-01       5.1372181378    8.669231e-02 2.108962e-05 0.000000e+00 4.714677e-31 9.566328e-01
   6.770000e-01       5.1395845347    9.079646e-02 2.250813e-05 0.000000e+00 6.039716e-31 9.545793e-01
   6.775000e-01       5.1418933876    9.479882e-02 2.389173e-05 0.000000e+00 5.893346e-31 9.525767e-01
   6.780000e-01       5.1441142662    9.866531e-02 2.522746e-05 0.000000e+00 5.546678e-31 9.506421e-01
   6.785000e-01       5.1462170320    1.023627e-01 2.650266e-05 0.000000e+00 5.541021e-31 9.487922e-01
   6.790000e-01       5.1481721356    1.058589e-01 2.770508e-05 0.000000e+00 7.834683e-31 9.470429e-01
   6.795000e-01       5.1499509252    1.091233e-01 2.882302e-05 0.000000e+00 6.663718e-31 9.454095e-01
   6.800000e-01       5.1515259593    1.121273e-01 2.984550e-05 0.000000e+00 1.109336e-30 9.439065e-01
   6.805000e-01       5.1528713223    1.148442e-01 3.076235e-05 0.000000e+00 1.124743e-30 9.425472e-01
   6.810000e-01       5.1539629352    1.172498e-01 3.156437e-05 0.000000e+00 1.103943e-30 9.413435e-01
   6.815000e-01       5.1547788581    1.193230e-01 3.224344e-05 0.000000e+00 1.307755e-30 9.403063e-01
   6.820000e-01       5.1552995763    1.210452e-01 3.279258e-05 0.000000e+00 1.385321e-30 9.394446e-01
   6.825000e-01       5.1555082671    1.224015e-01 3.320611e-05 0.000000e+00 1.254936e-30 9.387660e-01
   6.830000e-01       5.1553910391    1.233803e-01 3.347963e-05 0.000000e+00 1.198699e-30 9.382764e-01
   6.835000e-01       5.1549371397    1.239736e-01 3.361013e-05 0.000000e+00 1.435973e-30 9.379796e-01
   6.840000e-01       5.1541391260    1.241772e-01 3.359601e-05 0.000000e+00 1.184062e-30 9.378778e-01
   6.845000e-01       5.1529929942    1.239910e-01 3.343705e-05 0.000000e+00 1.251277e-30 9.379711e-01
   6.850000e-01       5.1514982649    1.234183e-01 3.313449e-05 0.000000e+00 1.261452e-30 9.382577e-01
   6.855000e-01       5.1496580206    1.224667e-01 3.269094e-05 0.000000e+00 1.285173e-30 9.387340e-01
   6.860000e-01       5.1474788956    1.211472e-01 3.211038e-05 0.000000e+00 1.085454e-30 9.393943e-01
   6.865000e-01       5.1449710168    1.194747e-01 3.139813e-05 0.000000e+00 1.097010e-30 9.402313e-01
   6.870000e-01       5.1421478960    1.174673e-01 3.056078e-05 0.000000e+00 8.997945e-31 9.412358e-01
   6.875000e-01       5.1390262772    1.151467e-01 2.960611e-05 0.000000e+00 1.075439e-30 9.423970e-01
   6.880000e-01       5.1356259402    1.125373e-01 2.854303e-05 0.000000e+00 1.144965e-30 9.437028e-01
   6.885000e-01       5.1319694650    1.096661e-01 2.738147e-05 0.000000e+00 1.125562e-30 9.451396e-01
   6.890000e-01       5.1280819621    1.065626e-01 2.613227e-05 0.000000e+00 1.251854e-30 9.466926e-01
   6.895000e-01       5.1239907735    1.032582e-01 2.480706e-05 0.000000e+00 1.088536e-30 9.483461e-01
   6.900000e-01       5.1197251505    9.978602e-02 2.341812e-05 0.000000e+00 1.124743e-30 9.500836e-01
   6.905000e-01       5.1153159143    9.618018e-02 2.197825e-05 0.000000e+00 1.251854e-30 9.518879e-01
   6.910000e-01       5.1107951056    9.247577e-02 2.050060e-05 0.000000e+00 1.161721e-30 9.537416e-01
   6.915000e-01       5.1061956287    8.870828e-02 1.899850e-05 0.000000e+00 1.410984e-30 9.556269e-01
   6.920000e-01       5.1015508961    8.491327e-02 1.748536e-05 0.000000e+00 1.553263e-30 9.575259e-01
   6.925000e-01       5.0968944791    8.112600e-02 1.597447e-05 0.000000e+00 1.674018e-30 9.594210e-01
   6.930000e-01       5.0922597677    7.738106e-02 1.447884e-05 0.000000e+00 2.021456e-30 9.612950e-01
   6.935000e-01       5.0876796447    7.371208e-02 1.301113e-05 0.000000e+00 2.021456e-30 9.631310e-01
   6.940000e-01       5.0831861769    7.015139e-02 1.158346e-05 0.000000e+00 1.951352e-30 9.649127e-01
   6.945000e-01       5.0788103255    6.672978e-02 1.020734e-05 0.000000e+00 1.861411e-30 9.666249e-01
   6.950000e-01       5.0745816780    6.347624e-02 8.893557e-06 0.000000e+00 1.919394e-30 9.682530e-01
   6.955000e-01       5.0705282025    6.041770e-02 7.652123e-06 0.000000e+00 2.000656e-30 9.697835e-01
   6.960000e-01       5.0666760243    5.757890e-02 6.492184e-06 0.000000e+00 1.945189e-30 9.712041e-01
   6.965000e-01       5.0630492265    5.498218e-02 5.421982e-06 0.000000e+00 2.230997e-30 9.725035e-01
   6.970000e-01       5.0596696719    5.264735e-02 4.448810e-06 0.000000e+00 2.450553e-30 9.736719e-01
   6.975000e-01       5.0565568479    5.059159e-02 3.578982e-06 0.000000e+00 2.455946e-30 9.747006e-01
   6.980000e-01       5.0537277317    4.882932e-02 2.817802e-06 0.000000e+00 2.508524e-30 9.755825e-01
   6.985000e-01       5.0511966749    4.737217e-02 2.169547e-06 0.000000e+00 2.640835e-30 9.763117e-01
   6.990000e-01       5.0489753073    4.622890e-02 1.637443e-06 0.000000e+00 2.724035e-30 9.768839e-01
   6.995000e-01       5.0470724578    4.540537e-02 1.223655e-06 0.000000e+00 2.714791e-30 9.772961e-01
   7.000000e-01       5.0454940918    4.490454e-02 9.292745e-07 0.000000e+00 2.628509e-30 9.775468e-01
   7.005000e-01       5.0442432644    4.472645e-02 7.543123e-07 0.000000e+00 2.536835e-30 9.776360e-01
   7.010000e-01       5.0433200890    4.486825e-02 6.976994e-07 0.000000e+00 2.447472e-30 9.775652e-01
   7.015000e-01       5.0427217212    4.532421e-02 7.572918e-07 0.000000e+00 2.513254e-30 9.773371e-01
   7.020000e-01       5.0424423581    4.608577e-02 9.298852e-07 0.000000e+00 2.684746e-30 9.769562e-01
   7.025000e-01       5.0424732542    4.714163e-02 1.211238e-06 0.000000e+00 2.730969e-30 9.764280e-01
   7.030000e-01       5.0428027543    4.847776e-02 1.596103e-06 0.000000e+00 2.964391e-30 9.757595e-01
   7.035000e-01       5.0434163457    5.007756e-02 2.078272e-06 0.000000e+00 3.136955e-30 9.749591e-01
   7.040000e-01       5.0442967308    5.192192e-02 2.650623e-06 0.000000e+00 3.051443e-30 9.740364e-01
   7.045000e-01       5.0454239217    5.398936e-02 3.305181e-06 0.000000e+00 3.307640e-30 9.730020e-01
   7.050000e-01       5.0467753607    5.625619e-02 4.033189e-06 0.000000e+00 3.382126e-30 9.718679e-01
   7.055000e-01       5.0483260668    5.869670e-02 4.825176e-06 0.000000e+00 3.639237e-30 9.706468e-01
   7.060000e-01       5.0500488119    6.128330e-02 5.671041e-06 0.000000e+00 3.589933e-30 9.693527e-01
   7.065000e-01       5.0519143281    6.398681e-02 6.560137e-06 0.000000e+00 3.663889e-30 9.680000e-01
   7.070000e-01       5.0538915482    6.677666e-02 7.481362e-06 0.000000e+00 3.562200e-30 9.666042e-01
   7.075000e-01       5.0559478798    6.962121e-02 8.423254e-06 0.000000e+00 3.405044e-30 9.651810e-01
   7.080000e-01       5.0580495139    7.248804e-02 9.374098e-06 0.000000e+00 3.867367e-30 9.637466e-01
   7.085000e-01       5.0601617678    7.534425e-02 1.032204e-05 0.000000e+00 3.808912e-30 9.623176e-01
   7.090000e-01       5.0622494596    7.815689e-02 1.125519e-05 0.000000e+00 3.864956e-30 9.609103e-01
   7.095000e-01       5.0642773129    8.089327e-02 1.216177e-05 0.000000e+00 3.774823e-30 9.595412e-01
   7.100000e-01       5.0662103863    8.352140e-02 1.303026e-05 0.000000e+00 4.190824e-30 9.582263e-01
   7.105000e-01       5.0680145227    8.601037e-02 1.384950e-05 0.000000e+00 4.049075e-30 9.569810e-01
   7.110000e-01       5.0696568122    8.833078e-02 1.460890e-05 0.000000e+00 4.369213e-30 9.558200e-01
   7.115000e-01       5.0711060594    9.045516e-02 1.529855e-05 0.000000e+00 3.522911e-30 9.547571e-01
   7.120000e-01       5.0723332470    9.235834e-02 1.590940e-05 0.000000e+00 3.851860e-30 9.538049e-01
   7.125000e-01       5.0733119849    9.401786e-02 1.643338e-05 0.000000e+00 4.082971e-30 9.529746e-01
   7.130000e-01       5.0740189352    9.541431e-02 1.686358e-05 0.000000e+00 3.802556e-30 9.522760e-01
   7.135000e-01       5.0744342015    9.653163e-02 1.719434e-05 0.000000e+00 3.393489e-30 9.517170e-01
   7.140000e-01       5.0745416730    9.735740e-02 1.742135e-05 0.000000e+00 3.562970e-30 9.513039e-01
   7.145000e-01       5.0743293124    9.788305e-02 1.754175e-05 0.000000e+00 3.156708e-30 9.510409e-01
   7.150000e-01       5.0737893808    9.810400e-02 1.755414e-05 0.000000e+00 3.016969e-30 9.509304e-01
   7.155000e-01       5.0729185900    9.801975e-02 1.745861e-05 0.000000e+00 2.952836e-30 9.509727e-01
   7.160000e-01       5.0717181795    9.763387e-02 1.725675e-05 0.000000e+00 2.899680e-30 9.511658e-01
   7.165000e-01       5.0701939126    9.695400e-02 1.695156e-05 0.000000e+00 3.010614e-30 9.515060e-01
   7.170000e-01       5.0683559932    9.599165e-02 1.654744e-05 0.000000e+00 2.968243e-30 9.519876e-01
   7.175000e-01       5.0662189030    9.476203e-02 1.605004e-05 0.000000e+00 2.958421e-30 9.526029e-01
   7.180000e-01       5.0638011641    9.328383e-02 1.546617e-05 0.000000e+00 2.687057e-30 9.533426e-01
   7.185000e-01       5.0611250331    9.157883e-02 1.480371e-05 0.000000e+00 2.413575e-30 9.541958e-01
   7.190000e-01       5.0582161345    8.967157e-02 1.407141e-05 0.000000e+00 2.381990e-30 9.551501e-01
   7.195000e-01       5.0551030425    8.758896e-02 1.327881e-05 0.000000e+00 2.603857e-30 9.561922e-01
   7.200000e-01       5.0518168231    8.535980e-02 1.243603e-05 0.000000e+00 2.970554e-30 9.573077e-01
   7.205000e-01       5.0483905458    8.301438e-02 1.155368e-05 0.000000e+00 2.443620e-30 9.584813e-01
   7.210000e-01       5.0448587780    8.058396e-02 1.064267e-05 0.000000e+00 2.468320e-30 9.596974e-01
   7.215000e-01       5.0412570710    7.810035e-02 9.714055e-06 0.000000e+00 2.915280e-30 9.609401e-01
   7.220000e-01       5.0376214502    7.559544e-02 8.778924e-06 0.000000e+00 2.871947e-30 9.621935e-01
   7.225000e-01       5.0339879165    7.310077e-02 7.848214e-06 0.000000e+00 3.121547e-30 9.634418e-01
   7.230000e-01       5.0303919686    7.064711e-02 6.932593e-06 0.000000e+00 3.204747e-30 9.646695e-01
   7.235000e-01       5.0268681514    6.826409e-02 6.042315e-06 0.000000e+00 3.081488e-30 9.658619e-01
   7.240000e-01       5.0234496367    6.597986e-02 5.187096e-06 0.000000e+00 2.989043e-30 9.670049e-01
   7.245000e-01       5.0201678396    6.382076e-02 4.375999e-06 0.000000e+00 3.025455e-30 9.680852e-01
   7.250000e-01       5.0170520724    6.181105e-02 3.617331e-06 0.000000e+00 2.788747e-30 9.690909e-01
   7.255000e-01       5.0141292378    5.997269e-02 2.918551e-06 0.000000e+00 3.136955e-30 9.700107e-01
   7.260000e-01       5.0114235609    5.832510e-02 2.286197e-06 0.000000e+00 3.700867e-30 9.708352e-01
   7.265000e-01       5.0089563598    5.688506e-02 1.725834e-06 0.000000e+00 3.824126e-30 9.715557e-01
   7.270000e-01       5.0067458527    5.566653e-02 1.242008e-06 0.000000e+00 3.294111e-30 9.721655e-01
   7.275000e-01       5.0048070005    5.468056e-02 8.382246e-07 0.000000e+00 4.106865e-30 9.726589e-01
   7.280000e-01       5.0031513827    5.393522e-02 5.169401e-07 0.000000e+00 3.777904e-30 9.730319e-01
   7.285000e-01       5.0017871044    5.343560e-02 2.795618e-07 0.000000e+00 3.784838e-30 9.732819e-01
   7.290000e-01       5.0007187340    5.318373e-02 1.264620e-07 0.000000e+00 3.944305e-30 9.734080e-01
   7.295000e-01       4.9999472696    5.317863e-02 5.699805e-08 0.000000e+00 4.646884e-30 9.734106e-01
   7.300000e-01       4.9994701332    5.341634e-02 6.953907e-08 0.000000e+00 4.441194e-30 9.732918e-01
   7.305000e-01       4.9992811941    5.388995e-02 1.614966e-07 0.000000e+00 4.773225e-30 9.730549e-01
   7.310000e-01       4.9993708203    5.458974e-02 3.293592e-07 0.000000e+00 4.746370e-30 9.727048e-01
   7.315000e-01       4.9997259604    5.550319e-02 5.687312e-07 0.000000e+00 4.456602e-30 9.722478e-01
   7.320000e-01       5.0003302568    5.661520e-02 8.743759e-07 0.000000e+00 4.600661e-30 9.716915e-01
   7.325000e-01       5.0011641924    5.790818e-02 1.240265e-06 0.000000e+00 5.238529e-30 9.710447e-01
   7.330000e-01       5.0022052734    5.936227e-02 1.659637e-06 0.000000e+00 4.641491e-30 9.703172e-01
   7.335000e-01       5.0034282505    6.095550e-02 2.125066e-06 0.000000e+00 4.595269e-30 9.695201e-01
   7.340000e-01       5.0048053805    6.266410e-02 2.628538e-06 0.000000e+00 4.667311e-30 9.686653e-01
   7.345000e-01       5.0063067300    6.446270e-02 3.161551e-06 0.000000e+00 4.662291e-30 9.677655e-01
   7.350000e-01       5.0079005228    6.632469e-02 3.715217e-06 0.000000e+00 4.968129e-30 9.668339e-01
   7.355000e-01       5.0095535304    6.822251e-02 4.280382e-06 0.000000e+00 5.257018e-30 9.658845e-01
   7.360000e-01       5.0112315048    7.012804e-02 4.847761e-06 0.000000e+00 6.039716e-30 9.649311e-01
   7.365000e-01       5.0128996504    7.201297e-02 5.408073e-06 0.000000e+00 5.577493e-30 9.639881e-01
   7.370000e-01       5.0145231298    7.384923e-02 5.952192e-06 0.000000e+00 5.501226e-30 9.630694e-01
   7.375000e-01       5.0160675982    7.560942e-02 6.471290e-06 0.000000e+00 5.605419e-30 9.621888e-01
   7.380000e-01       5.0174997558    7.726721e-02 6.956984e-06 0.000000e+00 5.288604e-30 9.613594e-01
   7.385000e-01       5.0187879089    7.879782e-02 7.401474e-06 0.000000e+00 4.995092e-30 9.605937e-01
   7.390000e-01       5.0199025272    8.017844e-02 7.797674e-06 0.000000e+00 5.700753e-30 9.599030e-01
   7.395000e-01       5.0208167828    8.138863e-02 8.139322e-06 0.000000e+00 5.362559e-30 9.592975e-01
   7.400000e-01       5.0215070578    8.241068e-02 8.421090e-06 0.000000e+00 5.238529e-30 9.587862e-01
   7.405000e-01       5.0219534047    8.322999e-02 8.638663e-06 0.000000e+00 5.233137e-30 9.583764e-01
   7.410000e-01       5.0221399450    8.383531e-02 8.788806e-06 0.000000e+00 4.746262e-30 9.580736e-01
   7.415000e-01       5.0220551942    8.421899e-02 8.869417e-06 0.000000e+00 4.857195e-30 9.578816e-01
   7.420000e-01       5.0216923006    8.437710e-02 8.879552e-06 0.000000e+00 5.374115e-30 9.578026e-01
   7.425000e-01       5.0210491894    8.430951e-02 8.819439e-06 0.000000e+00 5.485048e-30 9.578364e-01
   7.430000e-01       5.0201286068    8.401990e-02 8.690467e-06 0.000000e+00 5.290915e-30 9.579814e-01
   7.435000e-01       5.0189380602    8.351566e-02 8.495153e-06 0.000000e+00 5.575182e-30 9.582337e-01
   7.440000e-01       5.0174896580    8.280771e-02 8.237096e-06 0.000000e+00 5.184953e-30 9.585879e-01
   7.445000e-01       5.0157998509    8.191027e-02 7.920901e-06 0.000000e+00 5.304011e-30 9.590369e-01
   7.450000e-01       5.0138890851    8.084054e-02 7.552089e-06 0.000000e+00 5.337137e-30 9.595722e-01
   7.455000e-01       5.0117813764    7.961838e-02 7.136981e-06 0.000000e+00 5.719242e-30 9.601837e-01
   7.460000e-01       5.0095038196    7.826583e-02 6.682575e-06 0.000000e+00 5.127596e-30 9.608604e-01
   7.465000e-01       5.0070860468    7.680672e-02 6.196394e-06 0.000000e+00 5.183063e-30 9.615904e-01
   7.470000e-01       5.0045596507    7.526620e-02 5.686341e-06 0.000000e+00 5.394337e-30 9.623612e-01
   7.475000e-01       5.0019575881    7.367022e-02 5.160533e-06 0.000000e+00 5.596752e-30 9.631597e-01
   7.480000e-01       4.9993135787    7.204512e-02 4.627146e-06 0.000000e+00 5.266263e-30 9.639728e-01
   7.485000e-01       4.9966615126    7.041713e-02 4.094260e-06 0.000000e+00 5.546678e-30 9.647873e-01
   7.490000e-01       4.9940348785    6.881195e-02 3.569711e-06 0.000000e+00 5.266263e-30 9.655905e-01
   7.495000e-01       4.9914662240    6.725433e-02 3.060966e-06 0.000000e+00 5.534352e-30 9.663698e-01
   7.500000e-01       4.9889866536    6.576772e-02 2.575001e-06 0.000000e+00 5.205403e-30 9.671136e-01
   7.505000e-01       4.9866253727    6.437391e-02 2.118212e-06 0.000000e+00 5.133254e-30 9.678109e-01
   7.510000e-01       4.9844092806    6.309276e-02 1.696336e-06 0.000000e+00 5.177092e-30 9.684519e-01
   7.515000e-01       4.9823626138    6.194193e-02 1.314387e-06 0.000000e+00 4.881847e-30 9.690277e-01
   7.520000e-01       4.9805066425    6.093669e-02 9.766181e-07 0.000000e+00 5.081374e-30 9.695307e-01
   7.525000e-01       4.9788594171    6.008977e-02 6.864898e-07 0.000000e+00 4.548276e-30 9.699544e-01
   7.530000e-01       4.9774355659    5.941119e-02 4.466510e-07 0.000000e+00 4.253224e-30 9.702940e-01
   7.535000e-01       4.9762461399    5.890822e-02 2.589306e-07 0.000000e+00 4.301757e-30 9.705456e-01
   7.540000e-01       4.9752985052    5.858527e-02 1.243349e-07 0.000000e+00 4.259435e-30 9.707072e-01
   7.545000e-01       4.9745962789    5.844396e-02 4.305120e-08 0.000000e+00 4.190824e-30 9.707780e-01
   7.550000e-01       4.9741393086    5.848304e-02 1.445805e-08 0.000000e+00 3.759415e-30 9.707585e-01
   7.555000e-01       4.9739236942    5.869849e-02 3.714067e-08 0.000000e+00 3.648482e-30 9.706507e-01
   7.560000e-01       4.9739418514    5.908360e-02 1.089146e-07 0.000000e+00 3.405044e-30 9.704581e-01
   7.565000e-01       4.9741826177    5.962905e-02 2.268576e-07 0.000000e+00 3.562970e-30 9.701852e-01
   7.570000e-01       4.9746314017    6.032305e-02 3.873527e-07 0.000000e+00 3.278965e-30 9.698381e-01
   7.575000e-01       4.9752703765    6.115153e-02 5.861416e-07 0.000000e+00 3.064732e-30 9.694236e-01
   7.580000e-01       4.9760787200    6.209833e-02 8.183917e-07 0.000000e+00 3.057606e-30 9.689500e-01
   7.585000e-01       4.9770329020    6.314542e-02 1.078774e-06 0.000000e+00 3.072243e-30 9.684262e-01
   7.590000e-01       4.9781070196    6.427319e-02 1.361553e-06 0.000000e+00 3.112303e-30 9.678620e-01
   7.595000e-01       4.9792731818    6.546071e-02 1.660686e-06 0.000000e+00 3.038347e-30 9.672680e-01
   7.600000e-01       4.9805019413    6.668611e-02 1.969930e-06 0.000000e+00 3.078840e-30 9.666550e-01
   7.605000e-01       4.9817627709    6.792690e-02 2.282953e-06 0.000000e+00 3.306437e-30 9.660343e-01
   7.610000e-01       4.9830245806    6.916034e-02 2.593449e-06 0.000000e+00 3.081488e-30 9.654172e-01
   7.615000e-01       4.9842562684    7.036390e-02 2.895248e-06 0.000000e+00 2.989043e-30 9.648152e-01
   7.620000e-01       4.9854272953    7.151561e-02 3.182429e-06 0.000000e+00 3.232481e-30 9.642390e-01
   7.625000e-01       4.9865082736    7.259453e-02 3.449423e-06 0.000000e+00 3.081488e-30 9.636993e-01
   7.630000e-01       4.9874715554    7.358112e-02 3.691111e-06 0.000000e+00 3.513667e-30 9.632057e-01
   7.635000e-01       4.9882918055    7.445769e-02 3.902918e-06 0.000000e+00 3.311198e-30 9.627673e-01
   7.640000e-01       4.9889465422    7.520872e-02 4.080888e-06 0.000000e+00 3.731874e-30 9.623916e-01
   7.645000e-01       4.9894166299    7.582121e-02 4.221764e-06 0.000000e+00 3.578378e-30 9.620852e-01
   7.650000e-01       4.9896867060    7.628500e-02 4.323044e-06 0.000000e+00 3.759415e-30 9.618532e-01
   7.655000e-01       4.9897455283    7.659291e-02 4.383027e-06 0.000000e+00 3.787149e-30 9.616992e-01
   7.660000e-01       4.9895862277    7.674096e-02 4.400856e-06 0.000000e+00 4.042912e-30 9.616251e-01
   7.665000e-01       4.9892064578    7.672842e-02 4.376523e-06 0.000000e+00 4.067757e-30 9.616314e-01
   7.670000e-01       4.9886084353    7.655780e-02 4.310879e-06 0.000000e+00 3.574574e-30 9.617168e-01
   7.675000e-01       4.9877988665    7.623478e-02 4.205602e-06 0.000000e+00 3.284866e-30 9.618784e-01
   7.680000e-01       4.9867887652    7.576805e-02 4.063163e-06 0.000000e+00 3.774823e-30 9.621119e-01
   7.685000e-01       4.9855931649    7.516907e-02 3.886756e-06 0.000000e+00 3.195503e-30 9.624116e-01
   7.690000e-01       4.9842307384    7.445176e-02 3.680215e-06 0.000000e+00 2.903532e-30 9.627704e-01
   7.695000e-01       4.9827233356    7.363218e-02 3.447914e-06 0.000000e+00 3.358822e-30 9.631805e-01
   7.700000e-01       4.9810954568    7.272815e-02 3.194650e-06 0.000000e+00 3.464375e-30 9.636327e-01
   7.705000e-01       4.9793736779    7.175877e-02 2.925520e-06 0.000000e+00 3.334940e-30 9.641177e-01
   7.710000e-01       4.9775860462    7.074405e-02 2.645789e-06 0.000000e+00 3.195503e-30 9.646253e-01
   7.715000e-01       4.9757614633    6.970444e-02 2.360771e-06 0.000000e+00 3.133873e-30 9.651454e-01
   7.720000e-01       4.9739290729    6.866039e-02 2.075702e-06 0.000000e+00 3.035266e-30 9.656677e-01
   7.725000e-01       4.9721176667    6.763197e-02 1.795634e-06 0.000000e+00 3.301044e-30 9.661822e-01
   7.730000e-01       4.9703551235    6.663845e-02 1.525336e-06 0.000000e+00 3.411400e-30 9.666793e-01
   7.735000e-01       4.9686678882    6.569796e-02 1.269216e-06 0.000000e+00 2.991403e-30 9.671498e-01
   7.740000e-01       4.9670805022    6.482719e-02 1.031253e-06 0.000000e+00 3.022940e-30 9.675854e-01
   7.745000e-01       4.9656151875    6.404110e-02 8.149464e-07 0.000000e+00 3.019858e-30 9.679786e-01
   7.750000e-01       4.9642914897    6.335268e-02 6.232750e-07 0.000000e+00 3.007532e-30 9.683230e-01
   7.755000e-01       4.9631259804    6.277280e-02 4.586704e-07 0.000000e+00 3.069932e-30 9.686131e-01
   7.760000e-01       4.9621320196    6.231004e-02 3.229971e-07 0.000000e+00 3.239414e-30 9.688447e-01
   7.765000e-01       4.9613195767    6.197059e-02 2.175401e-07 0.000000e+00 3.207456e-30 9.690145e-01
   7.770000e-01       4.9606951097    6.175818e-02 1.429994e-07 0.000000e+00 3.571637e-30 9.691208e-01
   7.775000e-01       4.9602614998    6.167411e-02 9.948915e-08 0.000000e+00 2.884273e-30 9.691628e-01
   7.780000e-01       4.9600180418    6.171719e-02 8.654467e-08 0.000000e+00 3.112303e-30 9.691413e-01
   7.785000e-01       4.9599604865    6.188385e-02 1.031354e-07 0.000000e+00 3.081488e-30 9.690580e-01
   7.790000e-01       4.9600811376    6.216821e-02 1.476873e-07 0.000000e+00 3.121547e-30 9.689157e-01
   7.795000e-01       4.9603689996    6.256220e-02 2.181144e-07 0.000000e+00 3.562393e-30 9.687187e-01
   7.800000e-01       4.9608099792    6.305569e-02 3.118610e-07 0.000000e+00 3.254822e-30 9.684718e-01
   7.805000e-01       4.9613871382    6.363673e-02 4.259551e-07 0.000000e+00 2.903532e-30 9.681812e-01
   7.810000e-01       4.9620809990    6.429176e-02 5.570715e-07 0.000000e+00 2.418968e-30 9.678536e-01
   7.815000e-01       4.9628699012    6.500581e-02 7.016046e-07 0.000000e+00 2.640835e-30 9.674964e-01
   7.820000e-01       4.9637304077    6.576286e-02 8.557480e-07 0.000000e+00 2.638524e-30 9.671177e-01
   7.825000e-01       4.9646377567    6.654610e-02 1.015579e-06 0.000000e+00 2.816480e-30 9.667259e-01
   7.830000e-01       4.9655663548    6.733831e-02 1.177143e-06 0.000000e+00 2.685709e-30 9.663297e-01
   7.835000e-01       4.9664903045    6.812217e-02 1.336544e-06 0.000000e+00 2.690332e-30 9.659376e-01
   7.840000e-01       4.9673839562    6.888064e-02 1.490021e-06 0.000000e+00 2.724035e-30 9.655582e-01
   7.845000e-01       4.9682224724    6.959737e-02 1.634027e-06 0.000000e+00 2.323442e-30 9.651997e-01
   7.850000e-01       4.9689823928    7.025701e-02 1.765303e-06 0.000000e+00 2.249486e-30 9.648697e-01
   7.855000e-01       4.9696421811    7.084563e-02 1.880937e-06 0.000000e+00 2.465190e-30 9.645753e-01
   7.860000e-01       4.9701827406    7.135098e-02 1.978421e-06 0.000000e+00 2.311886e-30 9.643225e-01
   7.865000e-01       4.9705878787    7.176282e-02 2.055697e-06 0.000000e+00 2.445654e-30 9.641165e-01
   7.870000e-01       4.9708447055    7.207317e-02 2.111201e-06 0.000000e+00 2.724035e-30 9.639613e-01
   7.875000e-01       4.9709439506    7.227646e-02 2.143883e-06 0.000000e+00 2.184775e-30 9.638596e-01
   7.880000e-01       4.9708801858    7.236972e-02 2.153237e-06 0.000000e+00 2.234079e-30 9.638130e-01
   7.885000e-01       4.9706519446    7.235256e-02 2.139301e-06 0.000000e+00 2.668569e-30 9.638216e-01
   7.890000e-01       4.9702617321    7.222721e-02 2.102659e-06 0.000000e+00 2.358109e-30 9.638843e-01
   7.895000e-01       4.9697159266    7.199840e-02 2.044420e-06 0.000000e+00 2.585862e-30 9.639988e-01
   7.900000e-01       4.9690245731    7.167323e-02 1.966187e-06 0.000000e+00 2.778154e-30 9.641614e-01
   7.905000e-01       4.9682010801    7.126094e-02 1.870010e-06 0.000000e+00 2.603857e-30 9.643677e-01
   7.910000e-01       4.9672618288    7.077261e-02 1.758322e-06 0.000000e+00 2.871947e-30 9.646119e-01
   7.915000e-01       4.9662257101    7.022091e-02 1.633873e-06 0.000000e+00 2.526820e-30 9.648879e-01
   7.920000e-01       4.9651136068    6.961968e-02 1.499638e-06 0.000000e+00 2.441309e-30 9.651887e-01
   7.925000e-01       4.9639478389    6.898361e-02 1.358739e-06 0.000000e+00 2.648731e-30 9.655068e-01
   7.930000e-01       4.9627515891    6.832783e-02 1.214346e-06 0.000000e+00 2.632024e-30 9.658349e-01
   7.935000e-01       4.9615483281    6.766757e-02 1.069597e-06 0.000000e+00 2.767176e-30 9.661651e-01
   7.940000e-01       4.9603612534    6.701777e-02 9.275124e-07 0.000000e+00 2.773339e-30 9.664902e-01
   7.945000e-01       4.9592127569    6.639275e-02 7.909288e-07 0.000000e+00 2.717872e-30 9.668028e-01
   7.950000e-01       4.9581239328    6.580591e-02 6.624360e-07 0.000000e+00 2.924332e-30 9.670964e-01
   7.955000e-01       4.9571141337    6.526943e-02 5.443313e-07 0.000000e+00 2.536835e-30 9.673647e-01
   7.960000e-01       4.9562005833    6.479405e-02 4.385852e-07 0.000000e+00 2.769921e-30 9.676025e-01
   7.965000e-01       4.9553980478    6.438890e-02 3.468173e-07 0.000000e+00 2.709398e-30 9.678052e-01
   7.970000e-01       4.9547185704    6.406129e-02 2.702823e-07 0.000000e+00 2.752539e-30 9.679691e-01
   7.975000e-01       4.9541712689    6.381662e-02 2.098634e-07 0.000000e+00 2.767176e-30 9.680915e-01
   7.980000e-01       4.9537621965    6.365832e-02 1.660711e-07 0.000000e+00 3.007532e-30 9.681707e-01
   7.985000e-01       4.9534942648    6.358782e-02 1.390467e-07 0.000000e+00 2.887354e-30 9.682060e-01
   7.990000e-01       4.9533672284    6.360453e-02 1.285687e-07 0.000000e+00 3.019858e-30 9.681976e-01
   7.995000e-01       4.9533777290    6.370592e-02 1.340642e-07 0.000000e+00 2.884273e-30 9.681469e-01
   8.000000e-01       4.9535193982    6.388755e-02 1.546235e-07 0.000000e+00 2.973636e-30 9.680561e-01
   8.005000e-01       4.9537830177    6.414326e-02 1.890205e-07 0.000000e+00 3.017547e-30 9.679282e-01
   8.010000e-01       4.9541567349    6.446525e-02 2.357396e-07 0.000000e+00 3.284866e-30 9.677671e-01
   8.015000e-01       4.9546263325    6.484429e-02 2.930102e-07 0.000000e+00 3.417370e-30 9.675776e-01
   8.020000e-01       4.9551755499    6.526996e-02 3.588488e-07 0.000000e+00 3.195503e-30 9.673647e-01
   8.025000e-01       4.9557864525    6.573084e-02 4.311090e-07 0.000000e+00 3.248081e-30 9.671341e-01
   8.030000e-01       4.9564398449    6.621481e-02 5.075376e-07 0.000000e+00 3.331859e-30 9.668921e-01
   8.035000e-01       4.9571157216    6.670932e-02 5.858355e-07 0.000000e+00 3.358822e-30 9.666448e-01
   8.040000e-01       4.9577937468    6.720170e-02 6.637206e-07 0.000000e+00 3.405044e-30 9.663985e-01
   8.045000e-01       4.9584537543    6.767947e-02 7.389894e-07 0.000000e+00 3.377311e-30 9.661595e-01
   8.050000e-01       4.9590762543    6.813066e-02 8.095758e-07 0.000000e+00 3.528304e-30 9.659339e-01
   8.055000e-01       4.9596429341    6.854409e-02 8.736029e-07 0.000000e+00 3.379044e-30 9.657271e-01
   8.060000e-01       4.9601371380    6.890968e-02 9.294270e-07 0.000000e+00 3.371581e-30 9.655442e-01
   8.065000e-01       4.9605443096    6.921872e-02 9.756728e-07 0.000000e+00 3.158525e-30 9.653897e-01
   8.070000e-01       4.9608523819    6.946406e-02 1.011258e-06 0.000000e+00 2.878880e-30 9.652670e-01
   8.075000e-01       4.9610520999    6.964035e-02 1.035411e-06 0.000000e+00 2.884273e-30 9.651788e-01
   8.080000e-01       4.9611372630    6.974414e-02 1.047674e-06 0.000000e+00 2.964391e-30 9.651269e-01
   8.085000e-01       4.9611048775    6.977395e-02 1.047910e-06 0.000000e+00 2.418968e-30 9.651120e-01
   8.090000e-01       4.9609552118    6.973031e-02 1.036289e-06 0.000000e+00 2.329653e-30 9.651338e-01
   8.095000e-01       4.9606917525    6.961572e-02 1.013280e-06 0.000000e+00 2.163975e-30 9.651911e-01
   8.100000e-01       4.9603210629    6.943453e-02 9.796319e-07 0.000000e+00 2.369664e-30 9.652818e-01
   8.105000e-01       4.9598525489    6.919277e-02 9.363492e-07 0.000000e+00 2.397398e-30 9.654027e-01
   8.110000e-01       4.9592981437    6.889800e-02 8.846629e-07 0.000000e+00 2.246405e-30 9.655501e-01
   8.115000e-01       4.9586719219    6.855899e-02 8.259954e-07 0.000000e+00 2.256420e-30 9.657197e-01
   8.120000e-01       4.9579896600    6.818553e-02 7.619188e-07 0.000000e+00 2.400672e-30 9.659065e-01
   8.125000e-01       4.9572683595    6.778803e-02 6.941089e-07 0.000000e+00 2.464047e-30 9.661053e-01
   8.130000e-01       4.9565257491    6.737733e-02 6.242943e-07 0.000000e+00 2.288197e-30 9.663107e-01
   8.135000e-01       4.9557797829    6.696430e-02 5.542041e-07 0.000000e+00 2.147797e-30 9.665173e-01
   8.140000e-01       4.9550481508    6.655959e-02 4.855154e-07 0.000000e+00 2.566879e-30 9.667197e-01
   8.145000e-01       4.9543478142    6.617335e-02 4.198039e-07 0.000000e+00 2.247175e-30 9.669129e-01
   8.150000e-01       4.9536945778    6.581497e-02 3.584990e-07 0.000000e+00 2.036864e-30 9.670922e-01
   8.155000e-01       4.9531027082    6.549286e-02 3.028479e-07 0.000000e+00 2.020108e-30 9.672533e-01
   8.160000e-01       4.9525846049    6.521426e-02 2.538873e-07 0.000000e+00 2.021456e-30 9.673926e-01
   8.165000e-01       4.9521505294    6.498510e-02 2.124257e-07 0.000000e+00 2.230997e-30 9.675072e-01
   8.170000e-01       4.9518083948    6.480986e-02 1.790349e-07 0.000000e+00 2.295708e-30 9.675949e-01
   8.175000e-01       4.9515636166    6.469152e-02 1.540502e-07 0.000000e+00 1.925930e-30 9.676541e-01
   8.180000e-01       4.9514190273    6.463151e-02 1.375778e-07 0.000000e+00 2.083856e-30 9.676841e-01
   8.185000e-01       4.9513748514    6.462969e-02 1.295068e-07 0.000000e+00 1.560966e-30 9.676850e-01
   8.190000e-01       4.9514287411    6.468442e-02 1.295251e-07 0.000000e+00 1.758675e-30 9.676577e-01
   8.195000e-01       4.9515758713    6.479259e-02 1.371369e-07 0.000000e+00 2.052271e-30 9.676036e-01
   8.200000e-01       4.9518090900    6.494974e-02 1.516807e-07 0.000000e+00 1.888952e-30 9.675250e-01
   8.205000e-01       4.9521191242    6.515021e-02 1.723488e-07 0.000000e+00 1.802670e-30 9.674247e-01
   8.210000e-01       4.9524948344    6.538726e-02 1.982061e-07 0.000000e+00 1.925930e-30 9.673062e-01
   8.215000e-01       4.9529235179    6.565327e-02 2.282114e-07 0.000000e+00 1.802670e-30 9.671731e-01
   8.220000e-01       4.9533912512    6.593997e-02 2.612414e-07 0.000000e+00 1.943311e-30 9.670298e-01
   8.225000e-01       4.9538832691    6.623862e-02 2.961167e-07 0.000000e+00 1.803441e-30 9.668804e-01
   8.230000e-01       4.9543843695    6.654032e-02 3.316323e-07 0.000000e+00 1.840419e-30 9.667295e-01
   8.235000e-01       4.9548793363    6.683617e-02 3.665916e-07 0.000000e+00 2.021456e-30 9.665815e-01
   8.240000e-01       4.9553533679    6.711761e-02 3.998420e-07 0.000000e+00 1.805752e-30 9.664408e-01
   8.245000e-01       4.9557925001    6.737660e-02 4.303119e-07 0.000000e+00 1.605455e-30 9.663113e-01
   8.250000e-01       4.9561840096    6.760585e-02 4.570458e-07 0.000000e+00 1.895308e-30 9.661966e-01
   8.255000e-01       4.9565167838    6.779908e-02 4.792354e-07 0.000000e+00 1.651849e-30 9.661000e-01
   8.260000e-01       4.9567816440    6.795115e-02 4.962451e-07 0.000000e+00 1.496255e-30 9.660239e-01
   8.265000e-01       4.9569716099    6.805824e-02 5.076289e-07 0.000000e+00 1.781100e-30 9.659704e-01
   8.270000e-01       4.9570820933    6.811789e-02 5.131382e-07 0.000000e+00 1.731796e-30 9.659405e-01
   8.275000e-01       4.9571110141    6.812915e-02 5.127206e-07 0.000000e+00 1.627796e-30 9.659349e-01
   8.280000e-01       4.9570588338    6.809252e-02 5.065103e-07 0.000000e+00 1.334284e-30 9.659532e-01
   8.285000e-01       4.9569285036    6.800990e-02 4.948115e-07 0.000000e+00 1.248003e-30 9.659946e-01
   8.290000e-01       4.9567253310    6.788457e-02 4.780767e-07 0.000000e+00 1.452151e-30 9.660572e-01
   8.295000e-01       4.9564567705    6.772099e-02 4.568820e-07 0.000000e+00 1.359707e-30 9.661390e-01
   8.300000e-01       4.9561321461    6.752468e-02 4.319023e-07 0.000000e+00 1.408240e-30 9.662372e-01
   8.305000e-01       4.9557623202    6.730199e-02 4.038860e-07 0.000000e+00 1.688655e-30 9.663486e-01
   8.310000e-01       4.9553593197    6.705991e-02 3.736316e-07 0.000000e+00 1.603144e-30 9.664697e-01
   8.315000e-01       4.9549359358    6.680580e-02 3.419658e-07 0.000000e+00 1.494522e-30 9.665968e-01
   8.320000e-01       4.9545053126    6.654721e-02 3.097230e-07 0.000000e+00 1.275929e-30 9.667261e-01
   8.325000e-01       4.9540805376    6.629157e-02 2.777251e-07 0.000000e+00 1.097010e-30 9.668539e-01
   8.330000e-01       4.9536742484    6.604605e-02 2.467620e-07 0.000000e+00 1.109336e-30 9.669767e-01
   8.335000e-01       4.9532982674    6.581729e-02 2.175718e-07 0.000000e+00 1.001484e-30 9.670911e-01
   8.340000e-01       4.9529632729    6.561127e-02 1.908211e-07 0.000000e+00 1.260329e-30 9.671942e-01
   8.345000e-01       4.9526785158    6.543309e-02 1.670858e-07 0.000000e+00 1.165573e-30 9.672833e-01
   8.350000e-01       4.9524515857    6.528693e-02 1.468341e-07 0.000000e+00 1.263410e-30 9.673564e-01
   8.355000e-01       4.9522882321    6.517587e-02 1.304119e-07 0.000000e+00 1.320610e-30 9.674119e-01
   8.360000e-01       4.9521922410    6.510190e-02 1.180331e-07 0.000000e+00 1.371262e-30 9.674489e-01
   8.365000e-01       4.9521653689    6.506584e-02 1.097753e-07 0.000000e+00 1.642433e-30 9.674670e-01
   8.370000e-01       4.9522073336    6.506739e-02 1.055809e-07 0.000000e+00 1.260329e-30 9.674662e-01
   8.375000e-01       4.9523158594    6.510510e-02 1.052659e-07 0.000000e+00 1.294995e-30 9.674473e-01
   8.380000e-01       4.9524867767    6.517650e-02 1.085319e-07 0.000000e+00 1.244921e-30 9.674116e-01
   8.385000e-01       4.9527141711    6.527816e-02 1.149850e-07 0.000000e+00 1.121833e-30 9.673608e-01
   8.390000e-01       4.9529905793    6.540579e-02 1.241553e-07 0.000000e+00 1.081795e-30 9.672970e-01
   8.395000e-01       4.9533072279    6.555443e-02 1.355184e-07 0.000000e+00 1.282669e-30 9.672227e-01
   8.400000e-01       4.9536543085    6.571854e-02 1.485163e-07 0.000000e+00 1.137069e-30 9.671406e-01
   8.405000e-01       4.9540212824    6.589223e-02 1.625763e-07 0.000000e+00 1.041543e-30 9.670537e-01
   8.410000e-01       4.9543972092    6.606941e-02 1.771274e-07 0.000000e+00 9.930095e-31 9.669651e-01
   8.415000e-01       4.9547710879    6.624402e-02 1.916142e-07 0.000000e+00 9.437057e-31 9.668778e-01
   8.420000e-01       4.9551322022    6.641014e-02 2.055088e-07 0.000000e+00 8.922833e-31 9.667947e-01
   8.425000e-01       4.9554704580    6.656229e-02 2.183207e-07 0.000000e+00 8.997945e-31 9.667186e-01
   8.430000e-01       4.9557767030    6.669548e-02 2.296067e-07 0.000000e+00 9.768317e-31 9.666520e-01
   8.435000e-01       4.9560430150    6.680548e-02 2.389805e-07 0.000000e+00 8.936315e-31 9.665970e-01
   8.440000e-01       4.9562629505    6.688884e-02 2.461223e-07 0.000000e+00 7.310830e-31 9.665553e-01
   8.445000e-01       4.9564317411    6.694310e-02 2.507887e-07 0.000000e+00 7.588164e-31 9.665282e-01
   8.450000e-01       4.9565464319    6.696676e-02 2.528218e-07 0.000000e+00 7.988757e-31 9.665164e-01
   8.455000e-01       4.9566059539    6.695939e-02 2.521562e-07 0.000000e+00 9.754835e-31 9.665201e-01
   8.460000e-01       4.9566111300    6.692158e-02 2.488226e-07 0.000000e+00 9.560316e-31 9.665390e-01
   8.465000e-01       4.9565646127    6.685491e-02 2.429478e-07 0.000000e+00 8.936315e-31 9.665723e-01
   8.470000e-01       4.9564707567    6.676188e-02 2.347487e-07 0.000000e+00 9.398538e-31 9.666188e-01
   8.475000e-01       4.9563354337    6.664580e-02 2.245216e-07 0.000000e+00 1.041543e-30 9.666769e-01
   8.480000e-01       4.9561657966    6.651066e-02 2.126267e-07 0.000000e+00 9.985947e-31 9.667445e-01
   8.485000e-01       4.9559700037    6.636095e-02 1.994690e-07 0.000000e+00 1.002687e-30 9.668193e-01
   8.490000e-01       4.9557569160    6.620155e-02 1.854779e-07 0.000000e+00 1.091617e-30 9.668990e-01
   8.495000e-01       4.9555357779    6.603748e-02 1.710861e-07 0.000000e+00 9.398538e-31 9.669811e-01
   8.500000e-01       4.9553158952    6.587379e-02 1.567113e-07 0.000000e+00 8.165943e-31 9.670630e-01
   8.505000e-01       4.9551063218    6.571535e-02 1.427403e-07 0.000000e+00 8.913204e-31 9.671422e-01
   8.510000e-01       4.9549155654    6.556672e-02 1.295182e-07 0.000000e+00 8.999871e-31 9.672165e-01
   8.515000e-01       4.9547513210    6.543200e-02 1.173409e-07 0.000000e+00 9.284669e-31 9.672839e-01
   8.520000e-01       4.9546202405    6.531469e-02 1.064516e-07 0.000000e+00 8.997945e-31 9.673426e-01
   8.525000e-01       4.9545277432    6.521762e-02 9.704082e-08 0.000000e+00 5.954975e-31 9.673911e-01
   8.530000e-01       4.9544778717    6.514289e-02 8.924680e-08 0.000000e+00 4.591417e-31 9.674285e-01
   8.535000e-01       4.9544731953    6.509176e-02 8.315756e-08 0.000000e+00 5.207715e-31 9.674540e-01
   8.540000e-01       4.9545147623    6.506471e-02 7.881201e-08 0.000000e+00 4.814825e-31 9.674676e-01
   8.545000e-01       4.9546021002    6.506138e-02 7.620060e-08 0.000000e+00 5.215418e-31 9.674692e-01
   8.550000e-01       4.9547332632    6.508066e-02 7.526549e-08 0.000000e+00 4.560602e-31 9.674596e-01
   8.555000e-01       4.9549049247    6.512068e-02 7.590062e-08 0.000000e+00 3.120007e-31 9.674396e-01
   8.560000e-01       4.9551125109    6.517895e-02 7.795281e-08 0.000000e+00 4.005934e-31 9.674104e-01
   8.565000e-01       4.9553503719    6.525240e-02 8.122469e-08 0.000000e+00 3.944305e-31 9.673737e-01
   8.570000e-01       4.9556119855    6.533754e-02 8.548016e-08 0.000000e+00 4.722380e-31 9.673311e-01
   8.575000e-01       4.9558901866    6.543054e-02 9.045278e-08 0.000000e+00 4.932307e-31 9.672846e-01
   8.580000e-01       4.9561774176    6.552739e-02 9.585703e-08 0.000000e+00 4.611115e-31 9.672362e-01
   8.585000e-01       4.9564659894    6.562406e-02 1.014015e-07 0.000000e+00 5.485048e-31 9.671879e-01
   8.590000e-01       4.9567483473    6.571656e-02 1.068029e-07 0.000000e+00 5.215418e-31 9.671416e-01
   8.595000e-01       4.9570173302    6.580118e-02 1.118002e-07 0.000000e+00 5.207715e-31 9.670993e-01
   8.600000e-01       4.9572664166    6.587453e-02 1.161657e-07 0.000000e+00 4.930381e-31 9.670626e-01
   8.605000e-01       4.9574899458    6.593371e-02 1.197144e-07 0.000000e+00 5.053640e-31 9.670330e-01
   8.610000e-01       4.9576833071    6.597639e-02 1.223087e-07 0.000000e+00 5.647308e-31 9.670117e-01
   8.615000e-01       4.9578430894    6.600085e-02 1.238598e-07 0.000000e+00 6.363754e-31 9.669995e-01
   8.620000e-01       4.9579671846    6.600608e-02 1.243252e-07 0.000000e+00 6.532754e-31 9.669968e-01
   8.625000e-01       4.9580548408    6.599178e-02 1.237044e-07 0.000000e+00 7.919424e-31 9.670040e-01
   8.630000e-01       4.9581066629    6.595835e-02 1.220325e-07 0.000000e+00 9.028760e-31 9.670207e-01
   8.635000e-01       4.9581245621    6.590688e-02 1.193744e-07 0.000000e+00 7.588164e-31 9.670464e-01
   8.640000e-01       4.9581116558    6.583904e-02 1.158187e-07 0.000000e+00 1.043276e-30 9.670804e-01
   8.645000e-01       4.9580721231    6.575709e-02 1.114743e-07 0.000000e+00 9.079592e-31 9.671213e-01
   8.650000e-01       4.9580110237    6.566370e-02 1.064667e-07 0.000000e+00 9.621946e-31 9.671680e-01
   8.655000e-01       4.9579340876    6.556188e-02 1.009363e-07 0.000000e+00 9.675872e-31 9.672190e-01
   8.660000e-01       4.9578474852    6.545486e-02 9.503642e-08 0.000000e+00 9.028760e-31 9.672725e-01
   8.665000e-01       4.9577575881    6.534592e-02 8.893039e-08 0.000000e+00 8.936315e-31 9.673270e-01
   8.670000e-01       4.9576707298    6.523835e-02 8.278804e-08 0.000000e+00 9.159723e-31 9.673807e-01
   8.675000e-01       4.9575929759    6.513525e-02 7.678000e-08 0.000000e+00 8.790426e-31 9.674323e-01
   8.680000e-01       4.9575299114    6.503948e-02 7.107070e-08 0.000000e+00 8.543425e-31 9.674802e-01
   8.685000e-01       4.9574864531    6.495352e-02 6.581041e-08 0.000000e+00 7.834683e-31 9.675232e-01
   8.690000e-01       4.9574666917    6.487943e-02 6.112717e-08 0.000000e+00 8.011869e-31 9.675602e-01
   8.695000e-01       4.9574737684    6.481877e-02 5.711970e-08 0.000000e+00 6.532754e-31 9.675906e-01
   8.700000e-01       4.9575097886    6.477256e-02 5.385232e-08 0.000000e+00 8.936315e-31 9.676137e-01
   8.705000e-01       4.9575757749    6.474128e-02 5.135261e-08 0.000000e+00 9.985947e-31 9.676293e-01
   8.710000e-01       4.9576716576    6.472482e-02 4.961215e-08 0.000000e+00 1.073693e-30 9.676375e-01
   8.715000e-01       4.9577963049    6.472256e-02 4.859014e-08 0.000000e+00 1.097010e-30 9.676387e-01
   8.720000e-01       4.9579475874    6.473337e-02 4.821937e-08 0.000000e+00 1.113188e-30 9.676333e-01
   8.725000e-01       4.9581224770    6.475566e-02 4.841352e-08 0.000000e+00 1.124743e-30 9.676221e-01
   8.730000e-01       4.9583171751    6.478748e-02 4.907474e-08 0.000000e+00 8.289202e-31 9.676062e-01
   8.735000e-01       4.9585272649    6.482657e-02 5.010037e-08 0.000000e+00 7.149052e-31 9.675867e-01
   8.740000e-01       4.9587478847    6.487044e-02 5.138826e-08 0.000000e+00 7.561682e-31 9.675647e-01
   8.745000e-01       4.9589739141    6.491651e-02 5.283998e-08 0.000000e+00 7.796646e-31 9.675417e-01
   8.750000e-01       4.9592001676    6.496216e-02 5.436238e-08 0.000000e+00 8.512610e-31 9.675189e-01
   8.755000e-01       4.9594215890    6.500488e-02 5.586771e-08 0.000000e+00 7.703720e-31 9.674975e-01
   8.760000e-01       4.9596334383    6.504229e-02 5.727312e-08 0.000000e+00 7.179867e-31 9.674788e-01
   8.765000e-01       4.9598314652    6.507230e-02 5.850045e-08 0.000000e+00 6.509643e-31 9.674638e-01
   8.770000e-01       4.9600120618    6.509313e-02 5.947682e-08 0.000000e+00 6.047420e-31 9.674534e-01
   8.775000e-01       4.9601723885    6.510342e-02 6.013654e-08 0.000000e+00 6.340976e-31 9.674482e-01
   8.780000e-01       4.9603104679    6.510222e-02 6.042419e-08 0.000000e+00 6.509643e-31 9.674488e-01
   8.785000e-01       4.9604252431    6.508907e-02 6.029852e-08 0.000000e+00 7.888609e-31 9.674554e-01
   8.790000e-01       4.9605165988    6.506395e-02 5.973641e-08 0.000000e+00 7.056607e-31 9.674680e-01
   8.795000e-01       4.9605853428    6.502731e-02 5.873596e-08 0.000000e+00 6.532754e-31 9.674863e-01
   8.800000e-01       4.9606331517    6.498006e-02 5.731798e-08 0.000000e+00 6.941052e-31 9.675099e-01
   8.805000e-01       4.9606624821    6.492344e-02 5.552533e-08 0.000000e+00 6.240495e-31 9.675382e-01
   8.810000e-01       4.9606764523    6.485904e-02 5.341983e-08 0.000000e+00 6.409495e-31 9.675704e-01
   8.815000e-01       4.9606787009    6.478869e-02 5.107726e-08 0.000000e+00 5.700753e-31 9.676056e-01
   8.820000e-01       4.9606732278    6.471441e-02 4.858088e-08 0.000000e+00 6.162976e-31 9.676427e-01
   8.825000e-01       4.9606642260    6.463827e-02 4.601468e-08 0.000000e+00 6.162976e-31 9.676808e-01
   8.830000e-01       4.9606559111    6.456236e-02 4.345706e-08 0.000000e+00 5.739271e-31 9.677188e-01
   8.835000e-01       4.9606523553    6.448869e-02 4.097609e-08 0.000000e+00 5.132603e-31 9.677556e-01
   8.840000e-01       4.9606573328    6.441910e-02 3.862669e-08 0.000000e+00 6.933348e-31 9.677904e-01
   8.845000e-01       4.9606741818    6.435522e-02 3.644992e-08 0.000000e+00 6.109050e-31 9.678224e-01
   8.850000e-01       4.9607056887    6.429839e-02 3.447421e-08 0.000000e+00 6.756162e-31 9.678508e-01
   8.855000e-01       4.9607539968    6.424964e-02 3.271772e-08 0.000000e+00 6.964163e-31 9.678751e-01
   8.860000e-01       4.9608205431    6.420964e-02 3.119121e-08 0.000000e+00 7.210682e-31 9.678951e-01
   8.865000e-01       4.9609060232    6.417870e-02 2.990052e-08 0.000000e+00 1.020743e-30 9.679106e-01
   8.870000e-01       4.9610103864    6.415677e-02 2.884813e-08 0.000000e+00 1.104762e-30 9.679216e-01
   8.875000e-01       4.9611328580    6.414342e-02 2.803337e-08 0.000000e+00 1.176021e-30 9.679283e-01
   8.880000e-01       4.9612719895    6.413794e-02 2.745154e-08 0.000000e+00 1.411321e-30 9.679310e-01
   8.885000e-01       4.9614257321    6.413930e-02 2.709210e-08 0.000000e+00 1.309632e-30 9.679303e-01
   8.890000e-01       4.9615915320    6.414625e-02 2.693683e-08 0.000000e+00 1.469870e-30 9.679268e-01
   8.895000e-01       4.9617664420    6.415733e-02 2.695835e-08 0.000000e+00 1.498373e-30 9.679213e-01
   8.900000e-01       4.9619472471    6.417098e-02 2.711996e-08 0.000000e+00 1.248195e-30 9.679145e-01
   8.905000e-01       4.9621305973    6.418558e-02 2.737682e-08 0.000000e+00 1.544018e-30 9.679072e-01
   8.910000e-01       4.9623131431    6.419952e-02 2.767874e-08 0.000000e+00 1.499336e-30 9.679002e-01
   8.915000e-01       4.9624916695    6.421125e-02 2.797415e-08 0.000000e+00 1.787263e-30 9.678943e-01
   8.920000e-01       4.9626632212    6.421936e-02 2.821455e-08 0.000000e+00 1.442136e-30 9.678903e-01
   8.925000e-01       4.9628252158    6.422265e-02 2.835889e-08 0.000000e+00 1.688655e-30 9.678886e-01
   8.930000e-01       4.9629755396    6.422010e-02 2.837687e-08 0.000000e+00 1.584655e-30 9.678899e-01
   8.935000e-01       4.9631126220    6.421101e-02 2.825078e-08 0.000000e+00 1.360140e-30 9.678945e-01
   8.940000e-01       4.9632354863    6.419493e-02 2.797556e-08 0.000000e+00 1.696022e-30 9.679025e-01
   8.945000e-01       4.9633437742    6.417171e-02 2.755715e-08 0.000000e+00 1.741041e-30 9.679141e-01
   8.950000e-01       4.9634377441    6.414153e-02 2.700954e-08 0.000000e+00 1.836567e-30 9.679292e-01
   8.955000e-01       4.9635182430    6.410480e-02 2.635132e-08 0.000000e+00 1.679411e-30 9.679476e-01
   8.960000e-01       4.9635866546    6.406222e-02 2.560225e-08 0.000000e+00 1.510699e-30 9.679689e-01
   8.965000e-01       4.9636448255    6.401469e-02 2.478068e-08 0.000000e+00 1.435973e-30 9.679926e-01
   8.970000e-01       4.9636949745    6.396328e-02 2.390222e-08 0.000000e+00 1.112436e-30 9.680183e-01
   8.975000e-01       4.9637395887    6.390920e-02 2.297966e-08 0.000000e+00 1.144965e-30 9.680454e-01
   8.980000e-01       4.9637813117    6.385370e-02 2.202406e-08 0.000000e+00 1.171736e-30 9.680731e-01
   8.985000e-01       4.9638228286    6.379807e-02 2.104648e-08 0.000000e+00 1.038461e-30 9.681009e-01
   8.990000e-01       4.9638667538    6.374354e-02 2.005973e-08 0.000000e+00 1.041543e-30 9.681282e-01
   8.995000e-01       4.9639155253    6.369127e-02 1.907958e-08 0.000000e+00 8.820759e-31 9.681543e-01
   9.000000e-01       4.9639713102    6.364225e-02 1.812499e-08 0.000000e+00 7.659423e-31 9.681789e-01
   9.005000e-01       4.9640359250    6.359735e-02 1.721721e-08 0.000000e+00 7.284349e-31 9.682013e-01
   9.010000e-01       4.9641107723    6.355721e-02 1.637777e-08 0.000000e+00 5.207715e-31 9.682214e-01
   9.015000e-01       4.9641967980    6.352225e-02 1.562592e-08 0.000000e+00 8.011869e-31 9.682389e-01
   9.020000e-01       4.9642944668    6.349267e-02 1.497591e-08 0.000000e+00 7.549645e-31 9.682536e-01
   9.025000e-01       4.9644037600    6.346845e-02 1.443487e-08 0.000000e+00 7.518831e-31 9.682658e-01
   9.030000e-01       4.9645241910    6.344935e-02 1.400163e-08 0.000000e+00 8.768759e-31 9.682753e-01
   9.035000e-01       4.9646548408    6.343492e-02 1.366685e-08 0.000000e+00 6.713100e-31 9.682825e-01
   9.040000e-01       4.9647944091    6.342453e-02 1.341447e-08 0.000000e+00 6.971866e-31 9.682877e-01
   9.045000e-01       4.9649412796    6.341743e-02 1.322417e-08 0.000000e+00 8.011869e-31 9.682913e-01
   9.050000e-01       4.9650935968    6.341274e-02 1.307433e-08 0.000000e+00 8.011869e-31 9.682936e-01
   9.055000e-01       4.9652493498    6.340951e-02 1.294491e-08 0.000000e+00 7.149052e-31 9.682952e-01
   9.060000e-01       4.9654064611    6.340679e-02 1.281980e-08 0.000000e+00 6.933348e-31 9.682966e-01
   9.065000e-01       4.9655628755    6.340362e-02 1.268801e-08 0.000000e+00 6.365198e-31 9.682982e-01
   9.070000e-01       4.9657166460    6.339911e-02 1.254376e-08 0.000000e+00 7.103311e-31 9.683004e-01
   9.075000e-01       4.9658660129    6.339245e-02 1.238542e-08 0.000000e+00 1.005335e-30 9.683038e-01
   9.080000e-01       4.9660094732    6.338295e-02 1.221379e-08 0.000000e+00 1.010728e-30 9.683085e-01
   9.085000e-01       4.9661458371    6.337009e-02 1.203007e-08 0.000000e+00 1.047706e-30 9.683149e-01
   9.090000e-01       4.9662742695    6.335349e-02 1.183416e-08 0.000000e+00 1.041543e-30 9.683232e-01
   9.095000e-01       4.9663943152    6.333296e-02 1.162365e-08 0.000000e+00 9.560316e-31 9.683335e-01
   9.100000e-01       4.9665059065    6.330848e-02 1.139377e-08 0.000000e+00 8.308492e-31 9.683457e-01
   9.105000e-01       4.9666093544    6.328022e-02 1.113823e-08 0.000000e+00 7.549645e-31 9.683599e-01
   9.110000e-01       4.9667053224    6.324850e-02 1.085084e-08 0.000000e+00 7.310830e-31 9.683757e-01
   9.115000e-01       4.9667947865    6.321377e-02 1.052731e-08 0.000000e+00 6.070531e-31 9.683931e-01
   9.120000e-01       4.9668789824    6.317662e-02 1.016688e-08 0.000000e+00 4.930381e-31 9.684117e-01
   9.125000e-01       4.9669593435    6.313771e-02 9.773291e-09 0.000000e+00 4.506676e-31 9.684311e-01
   9.130000e-01       4.9670374317    6.309776e-02 9.354885e-09 0.000000e+00 3.745934e-31 9.684511e-01
   9.135000e-01       4.9671148657    6.305752e-02 8.923670e-09 0.000000e+00 4.285194e-31 9.684712e-01
   9.140000e-01       4.9671932495    6.301771e-02 8.493650e-09 0.000000e+00 4.629936e-31 9.684911e-01
   9.145000e-01       4.9672741035    6.297903e-02 8.078689e-09 0.000000e+00 7.002681e-31 9.685105e-01
   9.150000e-01       4.9673588028    6.294210e-02 7.690417e-09 0.000000e+00 5.485048e-31 9.685289e-01
   9.155000e-01       4.9674485235    6.290745e-02 7.336598e-09 0.000000e+00 3.890378e-31 9.685463e-01
   9.160000e-01       4.9675441996    6.287548e-02 7.020299e-09 0.000000e+00 3.335711e-31 9.685623e-01
   9.165000e-01       4.9676464925    6.284651e-02 6.740015e-09 0.000000e+00 3.261592e-31 9.685767e-01
   9.170000e-01       4.9677557727    6.282067e-02 6.490661e-09 0.000000e+00 3.514822e-31 9.685897e-01
   9.175000e-01       4.9678721148    6.279800e-02 6.265176e-09 0.000000e+00 4.814825e-31 9.686010e-01
   9.180000e-01       4.9679953055    6.277839e-02 6.056351e-09 0.000000e+00 4.714677e-31 9.686108e-01
   9.185000e-01       4.9681248633    6.276161e-02 5.858448e-09 0.000000e+00 3.759415e-31 9.686192e-01
   9.190000e-01       4.9682600692    6.274734e-02 5.668258e-09 0.000000e+00 4.498972e-31 9.686263e-01
   9.195000e-01       4.9684000068    6.273515e-02 5.485399e-09 0.000000e+00 3.468600e-31 9.686324e-01
   9.200000e-01       4.9685436086    6.272456e-02 5.311823e-09 0.000000e+00 3.428637e-31 9.686377e-01
   9.205000e-01       4.9686897084    6.271504e-02 5.150706e-09 0.000000e+00 3.851860e-31 9.686425e-01
   9.210000e-01       4.9688370955    6.270605e-02 5.005041e-09 0.000000e+00 5.061344e-31 9.686470e-01
   9.215000e-01       4.9689845694    6.269706e-02 4.876297e-09 0.000000e+00 4.714677e-31 9.686515e-01
   9.220000e-01       4.9691309924    6.268755e-02 4.763496e-09 0.000000e+00 4.437343e-31 9.686562e-01
   9.225000e-01       4.9692753376    6.267708e-02 4.662934e-09 0.000000e+00 3.591859e-31 9.686615e-01
   9.230000e-01       4.9694167303    6.266526e-02 4.568624e-09 0.000000e+00 3.397461e-31 9.686674e-01
   9.235000e-01       4.9695544816    6.265180e-02 4.473339e-09 0.000000e+00 4.747417e-31 9.686741e-01
   9.240000e-01       4.9696881127    6.263647e-02 4.370016e-09 0.000000e+00 4.229342e-31 9.686818e-01
   9.245000e-01       4.9698173684    6.261919e-02 4.253163e-09 0.000000e+00 5.546678e-31 9.686904e-01
   9.250000e-01       4.9699422208    6.259995e-02 4.119958e-09 0.000000e+00 5.978087e-31 9.687000e-01
   9.255000e-01       4.9700628620    6.257884e-02 3.970769e-09 0.000000e+00 5.307863e-31 9.687106e-01
   9.260000e-01       4.9701796876    6.255604e-02 3.808978e-09 0.000000e+00 5.132603e-31 9.687220e-01
   9.265000e-01       4.9702932717    6.253181e-02 3.640187e-09 0.000000e+00 4.345379e-31 9.687341e-01
   9.270000e-01       4.9704043339    6.250648e-02 3.470970e-09 0.000000e+00 3.674674e-31 9.687468e-01
   9.275000e-01       4.9705137019    6.248042e-02 3.307493e-09 0.000000e+00 3.890378e-31 9.687598e-01
   9.280000e-01       4.9706222706    6.245403e-02 3.154314e-09 0.000000e+00 3.944305e-31 9.687730e-01
   9.285000e-01       4.9707309591    6.242770e-02 3.013610e-09 0.000000e+00 4.005934e-31 9.687861e-01
   9.290000e-01       4.9708406692    6.240184e-02 2.885020e-09 0.000000e+00 5.585197e-31 9.687991e-01
   9.295000e-01       4.9709522454    6.237682e-02 2.766066e-09 0.000000e+00 7.666435e-31 9.688116e-01
   9.300000e-01       4.9710664402    6.235296e-02 2.653057e-09 0.000000e+00 6.935274e-31 9.688235e-01
   9.305000e-01       4.9711838842    6.233053e-02 2.542198e-09 0.000000e+00 6.070531e-31 9.688347e-01
   9.310000e-01       4.9713050629    6.230975e-02 2.430661e-09 0.000000e+00 6.964163e-31 9.688451e-01
   9.315000e-01       4.9714303013    6.229074e-02 2.317327e-09 0.000000e+00 6.810088e-31 9.688546e-01
   9.320000e-01       4.9715597562    6.227358e-02 2.203054e-09 0.000000e+00 7.341645e-31 9.688632e-01
   9.325000e-01       4.9716934159    6.225825e-02 2.090422e-09 0.000000e+00 9.569946e-31 9.688709e-01
   9.330000e-01       4.9718311083    6.224467e-02 1.983029e-09 0.000000e+00 7.998387e-31 9.688777e-01
   9.335000e-01       4.9719725151    6.223270e-02 1.884536e-09 0.000000e+00 8.112017e-31 9.688836e-01
   9.340000e-01       4.9721171921    6.222214e-02 1.797710e-09 0.000000e+00 8.913204e-31 9.688889e-01
   9.345000e-01       4.9722645946    6.221275e-02 1.723687e-09 0.000000e+00 7.888609e-31 9.688936e-01
   9.350000e-01       4.9724141065    6.220426e-02 1.661642e-09 0.000000e+00 9.991725e-31 9.688979e-01
   9.355000e-01       4.9725650708    6.219639e-02 1.608932e-09 0.000000e+00 8.658981e-31 9.689018e-01
   9.360000e-01       4.9727168214    6.218885e-02 1.561671e-09 0.000000e+00 9.259029e-31 9.689056e-01
   9.365000e-01       4.9728687138    6.218136e-02 1.515574e-09 0.000000e+00 7.998387e-31 9.689093e-01
   9.370000e-01       4.9730201535    6.217366e-02 1.466884e-09 0.000000e+00 7.518831e-31 9.689132e-01
   9.375000e-01       4.9731706216    6.216554e-02 1.413137e-09 0.000000e+00 5.546678e-31 9.689172e-01
   9.380000e-01       4.9733196949    6.215681e-02 1.353609e-09 0.000000e+00 6.532754e-31 9.689216e-01
   9.385000e-01       4.9734670617    6.214735e-02 1.289333e-09 0.000000e+00 4.445046e-31 9.689263e-01
   9.390000e-01       4.9736125312    6.213707e-02 1.222724e-09 0.000000e+00 5.277048e-31 9.689315e-01
   9.395000e-01       4.9737560371    6.212595e-02 1.156894e-09 0.000000e+00 4.285194e-31 9.689370e-01
   9.400000e-01       4.9738976353    6.211402e-02 1.094852e-09 0.000000e+00 5.978087e-31 9.689430e-01
   9.405000e-01       4.9740374961    6.210135e-02 1.038779e-09 0.000000e+00 5.700753e-31 9.689493e-01
   9.410000e-01       4.9741758904    6.208807e-02 9.895453e-10 0.000000e+00 3.482081e-31 9.689560e-01
   9.415000e-01       4.9743131735    6.207432e-02 9.465804e-10 0.000000e+00 5.053640e-31 9.689628e-01
   9.420000e-01       4.9744497637    6.206029e-02 9.080993e-10 0.000000e+00 6.139865e-31 9.689699e-01
   9.425000e-01       4.9745861206    6.204618e-02 8.716214e-10 0.000000e+00 7.049024e-31 9.689769e-01
   9.430000e-01       4.9747227209    6.203218e-02 8.346323e-10 0.000000e+00 7.888609e-31 9.689839e-01
   9.435000e-01       4.9748600359    6.201850e-02 7.952242e-10 0.000000e+00 7.125941e-31 9.689907e-01
   9.440000e-01       4.9749985088    6.200533e-02 7.525556e-10 0.000000e+00 8.042683e-31 9.689973e-01
   9.445000e-01       4.9751385357    6.199282e-02 7.070278e-10 0.000000e+00 1.097010e-30 9.690036e-01
   9.450000e-01       4.9752804489    6.198113e-02 6.601455e-10 0.000000e+00 9.645057e-31 9.690094e-01
   9.455000e-01       4.9754245042    6.197034e-02 6.141121e-10 0.000000e+00 1.161721e-30 9.690148e-01
   9.460000e-01       4.9755708721    6.196055e-02 5.712677e-10 0.000000e+00 1.176021e-30 9.690197e-01
   9.465000e-01       4.9757196339    6.195176e-02 5.335160e-10 0.000000e+00 1.343529e-30 9.690241e-01
   9.470000e-01       4.9758707821    6.194399e-02 5.018787e-10 0.000000e+00 1.131676e-30 9.690280e-01
   9.475000e-01       4.9760242243    6.193718e-02 4.762810e-10 0.000000e+00 1.235677e-30 9.690314e-01
   9.480000e-01       4.9761797920    6.193127e-02 4.556092e-10 0.000000e+00 1.281899e-30 9.690344e-01
   9.485000e-01       4.9763372517    6.192614e-02 4.380138e-10 0.000000e+00 1.248003e-30 9.690369e-01
   9.490000e-01       4.9764963190    6.192170e-02 4.213723e-10 0.000000e+00 1.391785e-30 9.690392e-01
   9.495000e-01       4.9766566743    6.191778e-02 4.037935e-10 0.000000e+00 1.275929e-30 9.690411e-01
   9.500000e-01       4.9768179795    6.191426e-02 3.840377e-10 0.000000e+00 1.161721e-30 9.690429e-01
   9.505000e-01       4.9769798950    6.191100e-02 3.617565e-10 0.000000e+00 1.383588e-30 9.690445e-01
   9.510000e-01       4.9771420951    6.190785e-02 3.375042e-10 0.000000e+00 1.386670e-30 9.690461e-01
   9.515000e-01       4.9773042832    6.190469e-02 3.125300e-10 0.000000e+00 1.298077e-30 9.690477e-01
   9.520000e-01       4.9774662040    6.190142e-02 2.884154e-10 0.000000e+00 1.608729e-30 9.690493e-01
   9.525000e-01       4.9776276531    6.189795e-02 2.666526e-10 0.000000e+00 1.716052e-30 9.690510e-01
   9.530000e-01       4.9777884840    6.189422e-02 2.482717e-10 0.000000e+00 1.716389e-30 9.690529e-01
   9.535000e-01       4.9779486117    6.189020e-02 2.336041e-10 0.000000e+00 1.852745e-30 9.690549e-01
   9.540000e-01       4.9781080130    6.188589e-02 2.222328e-10 0.000000e+00 2.002967e-30 9.690571e-01
   9.545000e-01       4.9782667237    6.188129e-02 2.131305e-10 0.000000e+00 2.046878e-30 9.690594e-01
   9.550000e-01       4.9784248334    6.187644e-02 2.049404e-10 0.000000e+00 1.929011e-30 9.690618e-01
   9.555000e-01       4.9785824774    6.187141e-02 1.963225e-10 0.000000e+00 1.805800e-30 9.690643e-01
   9.560000e-01       4.9787398270    6.186626e-02 1.862756e-10 0.000000e+00 1.621633e-30 9.690669e-01
   9.565000e-01       4.9788970786    6.186108e-02 1.743577e-10 0.000000e+00 1.633189e-30 9.690695e-01
   9.570000e-01       4.9790544420    6.185594e-02 1.607564e-10 0.000000e+00 1.679411e-30 9.690720e-01
   9.575000e-01       4.9792121286    6.185095e-02 1.462009e-10 0.000000e+00 1.836567e-30 9.690745e-01
   9.580000e-01       4.9793703405    6.184618e-02 1.317462e-10 0.000000e+00 1.667085e-30 9.690769e-01
   9.585000e-01       4.9795292606    6.184170e-02 1.184925e-10 0.000000e+00 1.707144e-30 9.690792e-01
   9.590000e-01       4.9796890436    6.183758e-02 1.073098e-10 0.000000e+00 1.877397e-30 9.690812e-01
   9.595000e-01       4.9798498103    6.183386e-02 9.863775e-11 0.000000e+00 2.110819e-30 9.690831e-01
   9.600000e-01       4.9800116425    6.183059e-02 9.240315e-11 0.000000e+00 2.314968e-30 9.690847e-01
   9.605000e-01       4.9801745808    6.182776e-02 8.806871e-11 0.000000e+00 2.218671e-30 9.690861e-01
   9.610000e-01       4.9803386253    6.182539e-02 8.479166e-11 0.000000e+00 2.006819e-30 9.690873e-01
   9.615000e-01       4.9805037368    6.182346e-02 8.164614e-11 0.000000e+00 1.888952e-30 9.690883e-01
   9.620000e-01       4.9806698415    6.182193e-02 7.785004e-11 0.000000e+00 2.053342e-30 9.690890e-01
   9.625000e-01       4.9808368361    6.182076e-02 7.294025e-11 0.000000e+00 1.973886e-30 9.690896e-01
   9.630000e-01       4.9810045944    6.181990e-02 6.685683e-11 0.000000e+00 1.926700e-30 9.690901e-01
   9.635000e-01       4.9811729750    6.181928e-02 5.992181e-11 0.000000e+00 1.774937e-30 9.690904e-01
   9.640000e-01       4.9813418291    6.181886e-02 5.272580e-11 0.000000e+00 1.972152e-30 9.690906e-01
   9.645000e-01       4.9815110075    6.181857e-02 4.595701e-11 0.000000e+00 1.935174e-30 9.690907e-01
   9.650000e-01       4.9816803685    6.181835e-02 4.021963e-11 0.000000e+00 1.888952e-30 9.690908e-01
   9.655000e-01       4.9818497837    6.181815e-02 3.588704e-11 0.000000e+00 1.867574e-30 9.690909e-01
   9.660000e-01       4.9820191434    6.181792e-02 3.302394e-11 0.000000e+00 1.741041e-30 9.690910e-01
   9.665000e-01       4.9821883599    6.181764e-02 3.139102e-11 0.000000e+00 1.741041e-30 9.690912e-01
   9.670000e-01       4.9823573706    6.181727e-02 3.052481e-11 0.000000e+00 1.633189e-30 9.690914e-01
   9.675000e-01       4.9825261385    6.181680e-02 2.986670e-11 0.000000e+00 1.885871e-30 9.690916e-01
   9.680000e-01       4.9826946514    6.181623e-02 2.890512e-11 0.000000e+00 1.608537e-30 9.690919e-01
   9.685000e-01       4.9828629207    6.181556e-02 2.729450e-11 0.000000e+00 1.831186e-30 9.690922e-01
   9.690000e-01       4.9830309778    6.181481e-02 2.492318e-11 0.000000e+00 1.960597e-30 9.690926e-01
   9.695000e-01       4.9831988707    6.181399e-02 2.191775e-11 0.000000e+00 2.080775e-30 9.690930e-01
   9.700000e-01       4.9833666597    6.181313e-02 1.858819e-11 0.000000e+00 2.443620e-30 9.690934e-01
   9.705000e-01       4.9835344123    6.181226e-02 1.533243e-11 0.000000e+00 2.785665e-30 9.690939e-01
   9.710000e-01       4.9837021987    6.181140e-02 1.252797e-11 0.000000e+00 2.792598e-30 9.690943e-01
   9.715000e-01       4.9838700875    6.181058e-02 1.043854e-11 0.000000e+00 2.764865e-30 9.690947e-01
   9.720000e-01       4.9840381412    6.180983e-02 9.157838e-12 0.000000e+00 2.946721e-30 9.690951e-01
   9.725000e-01       4.9842064136    6.180916e-02 8.600966e-12 0.000000e+00 2.887354e-30 9.690954e-01
   9.730000e-01       4.9843749465    6.180860e-02 8.541132e-12 0.000000e+00 3.121547e-30 9.690957e-01
   9.735000e-01       4.9845437688    6.180815e-02 8.678169e-12 0.000000e+00 2.850376e-30 9.690959e-01
   9.740000e-01       4.9847128951    6.180783e-02 8.718527e-12 0.000000e+00 3.022940e-30 9.690961e-01
   9.745000e-01       4.9848823262    6.180762e-02 8.445556e-12 0.000000e+00 2.274138e-30 9.690962e-01
   9.750000e-01       4.9850520502    6.180753e-02 7.763402e-12 0.000000e+00 2.611766e-30 9.690962e-01
   9.755000e-01       4.9852220435    6.180755e-02 6.706191e-12 0.000000e+00 2.651813e-30 9.690962e-01
   9.760000e-01       4.9853922733    6.180765e-02 5.413815e-12 0.000000e+00 2.850376e-30 9.690962e-01
   9.765000e-01       4.9855627003    6.180784e-02 4.083987e-12 0.000000e+00 2.862702e-30 9.690961e-01
   9.770000e-01       4.9857332807    6.180808e-02 2.915224e-12 0.000000e+00 2.603857e-30 9.690960e-01
   9.775000e-01       4.9859039694    6.180837e-02 2.056189e-12 0.000000e+00 2.687057e-30 9.690958e-01
   9.780000e-01       4.9860746895    6.180868e-02 1.571820e-12 0.000000e+00 2.292820e-30 9.690957e-01
   9.785000e-01       4.9862454692    6.180899e-02 1.440959e-12 0.000000e+00 2.108556e-30 9.690955e-01
   9.790000e-01       4.9864162351    6.180930e-02 1.567130e-12 0.000000e+00 2.308805e-30 9.690953e-01
   9.795000e-01       4.9865869572    6.180960e-02 1.812097e-12 0.000000e+00 2.524509e-30 9.690952e-01
   9.800000e-01       4.9867576126    6.180986e-02 2.034914e-12 0.000000e+00 2.816480e-30 9.690951e-01
   9.805000e-01       4.9869281856    6.181010e-02 2.126730e-12 0.000000e+00 2.591531e-30 9.690950e-01
   9.810000e-01       4.9870986680    6.181029e-02 2.032976e-12 0.000000e+00 2.418968e-30 9.690949e-01
   9.815000e-01       4.9872690579    6.181046e-02 1.758888e-12 0.000000e+00 2.402899e-30 9.690948e-01
   9.820000e-01       4.9874393594    6.181058e-02 1.359139e-12 0.000000e+00 2.278953e-30 9.690947e-01
   9.825000e-01       4.9876095810    6.181068e-02 9.163950e-13 0.000000e+00 2.603857e-30 9.690947e-01
   9.830000e-01       4.9877797345    6.181074e-02 5.158508e-13 0.000000e+00 2.234079e-30 9.690946e-01
   9.835000e-01       4.9879498340    6.181079e-02 2.229012e-13 0.000000e+00 2.446701e-30 9.690946e-01
   9.840000e-01       4.9881198940    6.181082e-02 6.927410e-14 0.000000e+00 2.422820e-30 9.690946e-01
   9.845000e-01       4.9882899289    6.181084e-02 4.998231e-14 0.000000e+00 2.275871e-30 9.690946e-01
   9.850000e-01       4.9884599517    6.181086e-02 1.302428e-13 0.000000e+00 2.251617e-30 9.690946e-01
   9.855000e-01       4.9886299733    6.181088e-02 2.589992e-13 0.000000e+00 2.213279e-30 9.690946e-01
   9.860000e-01       4.9888000022    6.181090e-02 3.844371e-13 0.000000e+00 2.258731e-30 9.690946e-01
   9.865000e-01       4.9889700443    6.181092e-02 4.670685e-13 0.000000e+00 1.824241e-30 9.690945e-01
   9.870000e-01       4.9891401025    6.181095e-02 4.873227e-13 0.000000e+00 1.492211e-30 9.690945e-01
   9.875000e-01       4.9893101777    6.181099e-02 4.465668e-13 0.000000e+00 1.387440e-30 9.690945e-01
   9.880000e-01       4.9894802682    6.181103e-02 3.624463e-13 0.000000e+00 1.330095e-30 9.690945e-01
   9.885000e-01       4.9896503712    6.181108e-02 2.608358e-13 0.000000e+00 1.161721e-30 9.690945e-01
   9.890000e-01       4.9898204824    6.181113e-02 1.672170e-13 0.000000e+00 1.263410e-30 9.690944e-01
   9.895000e-01       4.9899905973    6.181118e-02 9.994764e-14 0.000000e+00 1.161721e-30 9.690944e-01
   9.900000e-01       4.9901607111    6.181123e-02 6.689678e-14 0.000000e+00 1.232595e-30 9.690944e-01
   9.905000e-01       4.9903308195    6.181128e-02 6.568610e-14 0.000000e+00 1.047706e-30 9.690944e-01
   9.910000e-01       4.9905009189    6.181132e-02 8.670564e-14 0.000000e+00 9.398538e-31 9.690943e-01
   9.915000e-01       4.9906710064    6.181136e-02 1.174413e-13 0.000000e+00 8.440508e-31 9.690943e-01
   9.920000e-01       4.9908410804    6.181140e-02 1.465768e-13 0.000000e+00 7.834683e-31 9.690943e-01
   9.925000e-01       4.9910111400    6.181143e-02 1.667318e-13 0.000000e+00 9.860761e-31 9.690943e-01
   9.930000e-01       4.9911811854    6.181145e-02 1.753592e-13 0.000000e+00 9.182834e-31 9.690943e-01
   9.935000e-01       4.9913512174    6.181147e-02 1.739928e-13 0.000000e+00 8.389351e-31 9.690943e-01
   9.940000e-01       4.9915212375    6.181149e-02 1.665023e-13 0.000000e+00 1.001484e-30 9.690943e-01
   9.945000e-01       4.9916912474    6.181150e-02 1.571640e-13 0.000000e+00 8.730361e-31 9.690943e-01
   9.950000e-01       4.9918612490    6.181151e-02 1.492094e-13 0.000000e+00 7.703720e-31 9.690942e-01
   9.955000e-01       4.9920312441    6.181151e-02 1.441856e-13 0.000000e+00 9.645057e-31 9.690942e-01
   9.960000e-01       4.9922012344    6.181151e-02 1.420925e-13 0.000000e+00 1.038461e-30 9.690942e-01
   9.965000e-01       4.9923712213    6.181152e-02 1.420032e-13 0.000000e+00 1.087765e-30 9.690942e-01
   9.970000e-01       4.9925412059    6.181152e-02 1.427823e-13 0.000000e+00 1.174817e-30 9.690942e-01
   9.975000e-01       4.9927111891    6.181152e-02 1.435969e-13 0.000000e+00 1.026328e-30 9.690942e-01
   9.980000e-01       4.9928811715    6.181152e-02 1.440908e-13 0.000000e+00 1.068614e-30 9.690942e-01
   9.985000e-01       4.9930511535    6.181152e-02 1.442771e-13 0.000000e+00 1.041543e-30 9.690942e-01
   9.990000e-01       4.9932211351    6.181152e-02 1.443113e-13 0.000000e+00 1.066195e-30 9.690942e-01
   9.995000e-01       4.9933911168    6.181152e-02 1.443113e-13 0.000000e+00 1.334284e-30 9.690942e-01
   1.000000e+00       4.9935610985    6.181152e-02 1.443113e-13 0.000000e+00 1.094699e-30 9.690942e-01
