# --------------------------------------------------------
#       t_k              <E(t_k)>       <Pn(t_k)>     State fidelity -->
# --------------------------------------------------------
   0.000000e+00      -0.8284271247    2.000000e+00 0.000000e+00 0.000000e+00 0.000000e+00 0.000000e+00
   1.000000e-03      -0.8124271247    2.000000e+00 0.000000e+00 0.000000e+00 0.000000e+00 0.000000e+00
   2.000000e-03      -0.7964271247    2.000000e+00 0.000000e+00 0.000000e+00 0.000000e+00 0.000000e+00
   3.000000e-03      -0.7804271247    2.000000e+00 3.742902e-35 0.000000e+00 2.509745e-65 2.176336e-34
   4.000000e-03      -0.7644271247    2.000000e+00 7.051351e-33 0.000000e+00 4.085468e-63 4.034792e-32
   5.000000e-03      -0.7484271247    2.000000e+00 3.066996e-31 0.000000e+00 3.524755e-61 1.717892e-30
   6.000000e-03      -0.7324271247    2.000000e+00 6.357722e-30 0.000000e+00 7.866280e-60 3.472294e-29
   7.000000e-03      -0.7164271247    2.000000e+00 8.147244e-29 0.000000e+00 1.692660e-58 4.323378e-28
   8.000000e-03      -0.7004271247    2.000000e+00 7.381331e-28 0.000000e+00 4.480571e-58 3.791960e-27
   9.000000e-03      -0.6844271247    2.000000e+00 5.131019e-27 0.000000e+00 2.867565e-57 2.541900e-26
   1.000000e-02      -0.6684271247    2.000000e+00 2.890749e-26 0.000000e+00 8.284078e-57 1.375253e-25
   1.100000e-02      -0.6524271247    2.000000e+00 1.372447e-25 0.000000e+00 1.045068e-55 6.242698e-25
   1.200000e-02      -0.6364271246    2.000000e+00 5.652833e-25 0.000000e+00 1.656816e-55 2.447132e-24
   1.300000e-02      -0.6204271246    2.000000e+00 2.065518e-24 0.000000e+00 1.325452e-55 8.470482e-24
   1.400000e-02      -0.6044271245    2.000000e+00 6.814980e-24 0.000000e+00 1.468194e-54 2.635266e-23
   1.500000e-02      -0.5884271244    2.000000e+00 2.059618e-23 0.000000e+00 6.525304e-54 7.476723e-23
   1.600000e-02      -0.5724271242    2.000000e+00 5.769123e-23 0.000000e+00 2.414363e-53 1.958227e-22
   1.700000e-02      -0.5564271240    2.000000e+00 1.512519e-22 0.000000e+00 4.763472e-53 4.784375e-22
   1.800000e-02      -0.5404271237    2.000000e+00 3.742389e-22 0.000000e+00 1.774883e-52 1.100441e-21
   1.900000e-02      -0.5244271233    2.000000e+00 8.800116e-22 0.000000e+00 1.044049e-51 2.402088e-21
   2.000000e-02      -0.5084271228    2.000000e+00 1.978265e-21 0.000000e+00 3.549766e-51 5.011650e-21
   2.100000e-02      -0.4924271221    2.000000e+00 4.272693e-21 0.000000e+00 6.097244e-51 1.005633e-20
   2.200000e-02      -0.4764271213    2.000000e+00 8.903449e-21 0.000000e+00 9.229391e-51 1.951041e-20
   2.300000e-02      -0.4604271203    2.000000e+00 1.796287e-20 0.000000e+00 1.670478e-50 3.675868e-20
   2.400000e-02      -0.4444271123    2.000000e+00 3.519047e-20 0.000000e+00 2.271850e-50 6.748666e-20
   2.500000e-02      -0.4284271090    2.000000e+00 6.710725e-20 0.000000e+00 1.620364e-50 1.210506e-19
   2.600000e-02      -0.4124271049    2.000000e+00 1.248262e-19 0.000000e+00 4.827681e-50 2.125281e-19
   2.700000e-02      -0.3964270999    2.000000e+00 2.268827e-19 0.000000e+00 8.085113e-50 3.657070e-19
   2.800000e-02      -0.3804270940    2.000000e+00 4.035752e-19 0.000000e+00 1.550204e-49 6.173439e-19
   2.900000e-02      -0.3644270870    2.000000e+00 7.035092e-19 0.000000e+00 2.037983e-49 1.023124e-18
   3.000000e-02      -0.3484270786    2.000000e+00 1.203310e-18 0.000000e+00 7.650789e-49 1.665910e-18
   3.100000e-02      -0.3324270689    2.000000e+00 2.021839e-18 0.000000e+00 2.405488e-48 2.667089e-18
   3.200000e-02      -0.3164270575    2.000000e+00 3.340724e-18 0.000000e+00 7.066790e-48 4.202172e-18
   3.300000e-02      -0.3004270442    2.000000e+00 5.433681e-18 0.000000e+00 1.749057e-47 6.522242e-18
   3.400000e-02      -0.2844270288    2.000000e+00 8.707883e-18 0.000000e+00 4.353399e-47 9.983379e-18
   3.500000e-02      -0.2684270111    2.000000e+00 1.376170e-17 0.000000e+00 8.835358e-47 1.508686e-17
   3.600000e-02      -0.2524269908    2.000000e+00 2.146444e-17 0.000000e+00 1.666763e-46 2.253350e-17
   3.700000e-02      -0.2364269676    2.000000e+00 3.306520e-17 0.000000e+00 2.896422e-46 3.329614e-17
   3.800000e-02      -0.2204269412    2.000000e+00 5.034010e-17 0.000000e+00 4.979895e-46 4.871478e-17
   3.900000e-02      -0.2044269113    2.000000e+00 7.578914e-17 0.000000e+00 7.051074e-46 7.061927e-17
   4.000000e-02      -0.1884268774    2.000000e+00 1.128972e-16 0.000000e+00 1.028063e-45 1.014853e-16
   4.100000e-02      -0.1724268393    2.000000e+00 1.664764e-16 0.000000e+00 1.511983e-45 1.446300e-16
   4.200000e-02      -0.1564267965    2.000000e+00 2.431123e-16 0.000000e+00 2.283877e-45 2.044562e-16
   4.300000e-02      -0.1404267485    2.000000e+00 3.517397e-16 0.000000e+00 3.665333e-45 2.867558e-16
   4.400000e-02      -0.1244266950    2.000000e+00 5.043811e-16 0.000000e+00 5.779597e-45 3.990885e-16
   4.500000e-02      -0.1084266354    2.000000e+00 7.170862e-16 0.000000e+00 9.032844e-45 5.512571e-16
   4.600000e-02      -0.0924265691    2.000000e+00 1.011121e-15 0.000000e+00 1.383997e-44 7.559064e-16
   4.700000e-02      -0.0764264957    2.000000e+00 1.414460e-15 0.000000e+00 2.099091e-44 1.029280e-15
   4.800000e-02      -0.0604264146    2.000000e+00 1.963647e-15 0.000000e+00 3.267685e-44 1.392178e-15
   4.900000e-02      -0.0444263252    2.000000e+00 2.706103e-15 0.000000e+00 4.728502e-44 1.871151e-15
   5.000000e-02      -0.0284262267    2.000000e+00 3.702964e-15 0.000000e+00 6.833263e-44 2.499991e-15
   5.100000e-02      -0.0124261186    2.000000e+00 5.032540e-15 0.000000e+00 9.546767e-44 3.321548e-15
   5.200000e-02       0.0035739999    2.000000e+00 6.794525e-15 0.000000e+00 1.263803e-43 4.389926e-15
   5.300000e-02       0.0195741296    2.000000e+00 9.115049e-15 0.000000e+00 1.632592e-43 5.773103e-15
   5.400000e-02       0.0355742711    2.000000e+00 1.215273e-14 0.000000e+00 2.103274e-43 7.556018e-15
   5.500000e-02       0.0515744253    2.000000e+00 1.610588e-14 0.000000e+00 2.529348e-43 9.844203e-15
   5.600000e-02       0.0675745931    2.000000e+00 2.122099e-14 0.000000e+00 3.395802e-43 1.276804e-14
   5.700000e-02       0.0835747754    2.000000e+00 2.780269e-14 0.000000e+00 4.527535e-43 1.648777e-14
   5.800000e-02       0.0995749730    2.000000e+00 3.622546e-14 0.000000e+00 5.910607e-43 2.119948e-14
   5.900000e-02       0.1155751870    2.000000e+00 4.694711e-14 0.000000e+00 8.085882e-43 2.714226e-14
   6.000000e-02       0.1315754183    2.000000e+00 6.052446e-14 0.000000e+00 1.067046e-42 3.460679e-14
   6.100000e-02       0.1475756680    2.000000e+00 7.763129e-14 0.000000e+00 1.354979e-42 4.394579e-14
   6.200000e-02       0.1635759371    2.000000e+00 9.907878e-14 0.000000e+00 1.744836e-42 5.558659e-14
   6.300000e-02       0.1795762268    2.000000e+00 1.258388e-13 0.000000e+00 2.230966e-42 7.004618e-14
   6.400000e-02       0.1955765382    2.000000e+00 1.590701e-13 0.000000e+00 2.662128e-42 8.794901e-14
   6.500000e-02       0.2115768725    2.000000e+00 2.001473e-13 0.000000e+00 3.134015e-42 1.100478e-13
   6.600000e-02       0.2275772310    2.000000e+00 2.506939e-13 0.000000e+00 3.578577e-42 1.372478e-13
   6.700000e-02       0.2435776148    2.000000e+00 3.126174e-13 0.000000e+00 4.220755e-42 1.706338e-13
   6.800000e-02       0.2595780254    2.000000e+00 3.881492e-13 0.000000e+00 5.050280e-42 2.115019e-13
   6.900000e-02       0.2755784640    2.000000e+00 4.798868e-13 0.000000e+00 6.431653e-42 2.613943e-13
   7.000000e-02       0.2915789321    2.000000e+00 5.908404e-13 0.000000e+00 7.544065e-42 3.221389e-13
   7.100000e-02       0.3075794311    2.000000e+00 7.244822e-13 0.000000e+00 9.708196e-42 3.958953e-13
   7.200000e-02       0.3235799624    2.000000e+00 8.848004e-13 0.000000e+00 1.225576e-41 4.852062e-13
   7.300000e-02       0.3395805275    2.000000e+00 1.076355e-12 0.000000e+00 1.594678e-41 5.930583e-13
   7.400000e-02       0.3555811281    2.000000e+00 1.304341e-12 0.000000e+00 2.032443e-41 7.229533e-13
   7.500000e-02       0.3715817656    2.000000e+00 1.574647e-12 0.000000e+00 2.616855e-41 8.789906e-13
   7.600000e-02       0.3875824417    2.000000e+00 1.893927e-12 0.000000e+00 3.309657e-41 1.065966e-12
   7.700000e-02       0.4035831581    2.000000e+00 2.269670e-12 0.000000e+00 3.846564e-41 1.289484e-12
   7.800000e-02       0.4195839164    2.000000e+00 2.710272e-12 0.000000e+00 4.578603e-41 1.556091e-12
   7.900000e-02       0.4355847183    2.000000e+00 3.225112e-12 0.000000e+00 5.179760e-41 1.873427e-12
   8.000000e-02       0.4515855657    2.000000e+00 3.824634e-12 0.000000e+00 6.115547e-41 2.250393e-12
   8.100000e-02       0.4675864604    2.000000e+00 4.520427e-12 0.000000e+00 7.185859e-41 2.697341e-12
   8.200000e-02       0.4835874041    2.000000e+00 5.325314e-12 0.000000e+00 8.825938e-41 3.226286e-12
   8.300000e-02       0.4995883988    2.000000e+00 6.253441e-12 0.000000e+00 1.178436e-40 3.851133e-12
   8.400000e-02       0.5155894462    2.000000e+00 7.320377e-12 0.000000e+00 1.546837e-40 4.587936e-12
   8.500000e-02       0.5315905485    2.000000e+00 8.543213e-12 0.000000e+00 2.046484e-40 5.455176e-12
   8.600000e-02       0.5475917074    2.000000e+00 9.940687e-12 0.000000e+00 2.739398e-40 6.474075e-12
   8.700000e-02       0.5635929251    1.999999e+00 1.153330e-11 0.000000e+00 3.573872e-40 7.668952e-12
   8.800000e-02       0.5795942034    1.999999e+00 1.334348e-11 0.000000e+00 4.471403e-40 9.067627e-12
   8.900000e-02       0.5955955445    1.999999e+00 1.539572e-11 0.000000e+00 5.444773e-40 1.070188e-11
   9.000000e-02       0.6115969504    1.999999e+00 1.771679e-11 0.000000e+00 6.811887e-40 1.260801e-11
   9.100000e-02       0.6275984232    1.999999e+00 2.033595e-11 0.000000e+00 8.027592e-40 1.482740e-11
   9.200000e-02       0.6435999651    1.999999e+00 2.328519e-11 0.000000e+00 9.584153e-40 1.740727e-11
   9.300000e-02       0.6596015781    1.999999e+00 2.659952e-11 0.000000e+00 1.114540e-39 2.040147e-11
   9.400000e-02       0.6756032644    1.999999e+00 3.031734e-11 0.000000e+00 1.300422e-39 2.387134e-11
   9.500000e-02       0.6916050261    1.999999e+00 3.448076e-11 0.000000e+00 1.526496e-39 2.788673e-11
   9.600000e-02       0.7076068655    1.999999e+00 3.913609e-11 0.000000e+00 1.780748e-39 3.252704e-11
   9.700000e-02       0.7236087848    1.999999e+00 4.433431e-11 0.000000e+00 2.116925e-39 3.788246e-11
   9.800000e-02       0.7396107860    1.999999e+00 5.013161e-11 0.000000e+00 2.450591e-39 4.405518e-11
   9.900000e-02       0.7556128715    1.999999e+00 5.659007e-11 0.000000e+00 2.919230e-39 5.116078e-11
   1.000000e-01       0.7716150435    1.999998e+00 6.377827e-11 0.000000e+00 3.472978e-39 5.932975e-11
   1.010000e-01       0.7876173041    1.999998e+00 7.177215e-11 0.000000e+00 4.116096e-39 6.870906e-11
   1.020000e-01       0.8036196556    1.999998e+00 8.065576e-11 0.000000e+00 4.799122e-39 7.946402e-11
   1.030000e-01       0.8196221003    1.999998e+00 9.052218e-11 0.000000e+00 5.357534e-39 9.178030e-11
   1.040000e-01       0.8356246403    1.999998e+00 1.014745e-10 0.000000e+00 6.014373e-39 1.058662e-10
   1.050000e-01       0.8516272779    1.999998e+00 1.136268e-10 0.000000e+00 6.612335e-39 1.219551e-10
   1.060000e-01       0.8676300153    1.999997e+00 1.271051e-10 0.000000e+00 7.209804e-39 1.403088e-10
   1.070000e-01       0.8836328546    1.999997e+00 1.420486e-10 0.000000e+00 7.752846e-39 1.612203e-10
   1.080000e-01       0.8996357981    1.999997e+00 1.586106e-10 0.000000e+00 8.396670e-39 1.850178e-10
   1.090000e-01       0.9156388479    1.999997e+00 1.769593e-10 0.000000e+00 9.067368e-39 2.120691e-10
   1.100000e-01       0.9316420061    1.999997e+00 1.972795e-10 0.000000e+00 9.628448e-39 2.427857e-10
   1.110000e-01       0.9476452750    1.999996e+00 2.197725e-10 0.000000e+00 9.969633e-39 2.776277e-10
   1.120000e-01       0.9636486565    1.999996e+00 2.446580e-10 0.000000e+00 1.081152e-38 3.171096e-10
   1.130000e-01       0.9796521528    1.999996e+00 2.721740e-10 0.000000e+00 1.145164e-38 3.618057e-10
   1.140000e-01       0.9956557658    1.999996e+00 3.025781e-10 0.000000e+00 1.224443e-38 4.123562e-10
   1.150000e-01       1.0116594977    1.999995e+00 3.361478e-10 0.000000e+00 1.294665e-38 4.694737e-10
   1.160000e-01       1.0276633502    1.999995e+00 3.731811e-10 0.000000e+00 1.379326e-38 5.339503e-10
   1.170000e-01       1.0436673255    1.999995e+00 4.139967e-10 0.000000e+00 1.475825e-38 6.066648e-10
   1.180000e-01       1.0596714253    1.999994e+00 4.589349e-10 0.000000e+00 1.512775e-38 6.885915e-10
   1.190000e-01       1.0756756514    1.999994e+00 5.083576e-10 0.000000e+00 1.688051e-38 7.808089e-10
   1.200000e-01       1.0916800056    1.999993e+00 5.626490e-10 0.000000e+00 1.757789e-38 8.845099e-10
   1.210000e-01       1.1076844896    1.999993e+00 6.222161e-10 0.000000e+00 1.794541e-38 1.001013e-09
   1.220000e-01       1.1236891051    1.999992e+00 6.874896e-10 0.000000e+00 1.839167e-38 1.131777e-09
   1.230000e-01       1.1396938536    1.999992e+00 7.589250e-10 0.000000e+00 1.872746e-38 1.278410e-09
   1.240000e-01       1.1556987367    1.999991e+00 8.370040e-10 0.000000e+00 1.858880e-38 1.442693e-09
   1.250000e-01       1.1717037559    1.999991e+00 9.222363e-10 0.000000e+00 1.858682e-38 1.626591e-09
   1.260000e-01       1.1877089124    1.999990e+00 1.015162e-09 0.000000e+00 1.883202e-38 1.832273e-09
   1.270000e-01       1.2037142075    1.999990e+00 1.116355e-09 0.000000e+00 2.050514e-38 2.062135e-09
   1.280000e-01       1.2197196425    1.999989e+00 1.226426e-09 0.000000e+00 2.213522e-38 2.318822e-09
   1.290000e-01       1.2357252185    1.999988e+00 1.346027e-09 0.000000e+00 2.668395e-38 2.605247e-09
   1.300000e-01       1.2517309363    1.999988e+00 1.475858e-09 0.000000e+00 2.997568e-38 2.924622e-09
   1.310000e-01       1.2677367970    1.999987e+00 1.616668e-09 0.000000e+00 3.449571e-38 3.280479e-09
   1.320000e-01       1.2837428013    1.999986e+00 1.769267e-09 0.000000e+00 3.627789e-38 3.676700e-09
   1.330000e-01       1.2997489500    1.999985e+00 1.934529e-09 0.000000e+00 3.681742e-38 4.117548e-09
   1.340000e-01       1.3157552435    1.999984e+00 2.113402e-09 0.000000e+00 3.307872e-38 4.607697e-09
   1.350000e-01       1.3317616823    1.999983e+00 2.306911e-09 0.000000e+00 2.986447e-38 5.152268e-09
   1.360000e-01       1.3477682669    1.999982e+00 2.516169e-09 0.000000e+00 3.038396e-38 5.756867e-09
   1.370000e-01       1.3637749973    1.999981e+00 2.742382e-09 0.000000e+00 3.106623e-38 6.427626e-09
   1.380000e-01       1.3797818737    1.999980e+00 2.986856e-09 0.000000e+00 2.848335e-38 7.171251e-09
   1.390000e-01       1.3957888959    1.999979e+00 3.251001e-09 0.000000e+00 3.262743e-38 7.995073e-09
   1.400000e-01       1.4117960639    1.999978e+00 3.536337e-09 0.000000e+00 3.265900e-38 8.907105e-09
   1.410000e-01       1.4278033771    1.999977e+00 3.844494e-09 0.000000e+00 3.903009e-38 9.916104e-09
   1.420000e-01       1.4438108351    1.999975e+00 4.177216e-09 0.000000e+00 4.894832e-38 1.103164e-08
   1.430000e-01       1.4598184372    1.999974e+00 4.536359e-09 0.000000e+00 6.180529e-38 1.226417e-08
   1.440000e-01       1.4758261825    1.999972e+00 4.923889e-09 0.000000e+00 7.361763e-38 1.362511e-08
   1.450000e-01       1.4918340701    1.999971e+00 5.341881e-09 0.000000e+00 8.545293e-38 1.512693e-08
   1.460000e-01       1.5078420987    1.999969e+00 5.792516e-09 0.000000e+00 1.037054e-37 1.678326e-08
   1.470000e-01       1.5238502671    1.999967e+00 6.278073e-09 0.000000e+00 1.246157e-37 1.860892e-08
   1.480000e-01       1.5398585735    1.999966e+00 6.800928e-09 0.000000e+00 1.308771e-37 2.062011e-08
   1.490000e-01       1.5558670163    1.999964e+00 7.363554e-09 0.000000e+00 1.428960e-37 2.283444e-08
   1.500000e-01       1.5718755935    1.999962e+00 7.968514e-09 0.000000e+00 1.471664e-37 2.527108e-08
   1.510000e-01       1.5878843029    1.999960e+00 8.618467e-09 0.000000e+00 1.547428e-37 2.795088e-08
   1.520000e-01       1.6038931421    1.999958e+00 9.316173e-09 0.000000e+00 1.495541e-37 3.089648e-08
   1.530000e-01       1.6199021087    1.999956e+00 1.006450e-08 0.000000e+00 1.438603e-37 3.413246e-08
   1.540000e-01       1.6359111997    1.999953e+00 1.086643e-08 0.000000e+00 1.178364e-37 3.768550e-08
   1.550000e-01       1.6519204121    1.999951e+00 1.172510e-08 0.000000e+00 1.093101e-37 4.158450e-08
   1.560000e-01       1.6679297428    1.999948e+00 1.264381e-08 0.000000e+00 9.429354e-38 4.586084e-08
   1.570000e-01       1.6839391882    1.999946e+00 1.362601e-08 0.000000e+00 9.561223e-38 5.054849e-08
   1.580000e-01       1.6999487445    1.999943e+00 1.467543e-08 0.000000e+00 8.908043e-38 5.568428e-08
   1.590000e-01       1.7159584078    1.999940e+00 1.579599e-08 0.000000e+00 8.269786e-38 6.130814e-08
   1.600000e-01       1.7319681738    1.999937e+00 1.699192e-08 0.000000e+00 6.483586e-38 6.746331e-08
   1.610000e-01       1.7479780381    1.999934e+00 1.826777e-08 0.000000e+00 5.473396e-38 7.419665e-08
   1.620000e-01       1.7639879957    1.999931e+00 1.962841e-08 0.000000e+00 4.867281e-38 8.155889e-08
   1.630000e-01       1.7799980416    1.999927e+00 2.107907e-08 0.000000e+00 3.765255e-38 8.960499e-08
   1.640000e-01       1.7960081705    1.999924e+00 2.262539e-08 0.000000e+00 3.298042e-38 9.839443e-08
   1.650000e-01       1.8120183768    1.999920e+00 2.427336e-08 0.000000e+00 9.505153e-39 1.079916e-07
   1.660000e-01       1.8280286545    1.999916e+00 2.602938e-08 0.000000e+00 3.122407e-39 1.184660e-07
   1.670000e-01       1.8440389975    1.999912e+00 2.790022e-08 0.000000e+00 8.265195e-39 1.298929e-07
   1.680000e-01       1.8600493992    1.999908e+00 2.989302e-08 0.000000e+00 1.561203e-38 1.423536e-07
   1.690000e-01       1.8760598527    1.999904e+00 3.201522e-08 0.000000e+00 3.104040e-38 1.559357e-07
   1.700000e-01       1.8920703510    1.999899e+00 3.427460e-08 0.000000e+00 6.703991e-38 1.707340e-07
   1.710000e-01       1.9080808865    1.999895e+00 3.667918e-08 0.000000e+00 9.275385e-38 1.868504e-07
   1.720000e-01       1.9240914514    1.999890e+00 3.923723e-08 0.000000e+00 1.330237e-37 2.043950e-07
   1.730000e-01       1.9401020376    1.999885e+00 4.195722e-08 0.000000e+00 1.919025e-37 2.234863e-07
   1.740000e-01       1.9561126366    1.999879e+00 4.484781e-08 0.000000e+00 2.387723e-37 2.442521e-07
   1.750000e-01       1.9721232395    1.999874e+00 4.791786e-08 0.000000e+00 2.786289e-37 2.668297e-07
   1.760000e-01       1.9881338373    1.999868e+00 5.117643e-08 0.000000e+00 2.644862e-37 2.913674e-07
   1.770000e-01       2.0041444203    1.999862e+00 5.463283e-08 0.000000e+00 2.240786e-37 3.180245e-07
   1.780000e-01       2.0201549787    1.999856e+00 5.829666e-08 0.000000e+00 1.792629e-37 3.469726e-07
   1.790000e-01       2.0361655022    1.999850e+00 6.217788e-08 0.000000e+00 8.393764e-38 3.783965e-07
   1.800000e-01       2.0521759800    1.999843e+00 6.628693e-08 0.000000e+00 2.350989e-38 4.124947e-07
   1.810000e-01       2.0681864011    1.999836e+00 7.063481e-08 0.000000e+00 2.673561e-38 4.494814e-07
   1.820000e-01       2.0841967541    1.999829e+00 7.523319e-08 0.000000e+00 6.483586e-38 4.895864e-07
   1.830000e-01       2.1002070271    1.999822e+00 8.009452e-08 0.000000e+00 9.991702e-38 5.330572e-07
   1.840000e-01       2.1162172078    1.999814e+00 8.523213e-08 0.000000e+00 1.506102e-37 5.801598e-07
   1.850000e-01       2.1322272836    1.999806e+00 9.066028e-08 0.000000e+00 1.836710e-37 6.311801e-07
   1.860000e-01       2.1482372414    1.999798e+00 9.639422e-08 0.000000e+00 2.497925e-37 6.864253e-07
   1.870000e-01       2.1642470676    1.999790e+00 1.024502e-07 0.000000e+00 3.601788e-37 7.462251e-07
   1.880000e-01       2.1802567485    1.999781e+00 1.088455e-07 0.000000e+00 2.813036e-37 8.109339e-07
   1.890000e-01       2.1962662695    1.999772e+00 1.155981e-07 0.000000e+00 4.145454e-37 8.809315e-07
   1.900000e-01       2.2122756158    1.999762e+00 1.227271e-07 0.000000e+00 4.826874e-37 9.566259e-07
   1.910000e-01       2.2282847722    1.999752e+00 1.302519e-07 0.000000e+00 7.001538e-37 1.038454e-06
   1.920000e-01       2.2442937230    1.999742e+00 1.381928e-07 0.000000e+00 9.550892e-37 1.126886e-06
   1.930000e-01       2.2603024518    1.999731e+00 1.465703e-07 0.000000e+00 1.307737e-36 1.222423e-06
   1.940000e-01       2.2763109421    1.999720e+00 1.554052e-07 0.000000e+00 1.880791e-36 1.325604e-06
   1.950000e-01       2.2923191767    1.999709e+00 1.647185e-07 0.000000e+00 2.259888e-36 1.437008e-06
   1.960000e-01       2.3083271381    1.999697e+00 1.745315e-07 0.000000e+00 2.987409e-36 1.557252e-06
   1.970000e-01       2.3243348080    1.999685e+00 1.848655e-07 0.000000e+00 4.890056e-36 1.686999e-06
   1.980000e-01       2.3403421679    1.999673e+00 1.957424e-07 0.000000e+00 6.597462e-36 1.826960e-06
   1.990000e-01       2.3563491987    1.999660e+00 2.071844e-07 0.000000e+00 8.090340e-36 1.977895e-06
   2.000000e-01       2.3723558806    1.999646e+00 2.192143e-07 0.000000e+00 9.818317e-36 2.140617e-06
   2.010000e-01       2.3883621935    1.999632e+00 2.318563e-07 0.000000e+00 1.058239e-35 2.315999e-06
   2.020000e-01       2.4043681167    1.999618e+00 2.451354e-07 0.000000e+00 1.102361e-35 2.504975e-06
   2.030000e-01       2.4203736290    1.999603e+00 2.590787e-07 0.000000e+00 1.186147e-35 2.708544e-06
   2.040000e-01       2.4363787085    1.999587e+00 2.737148e-07 0.000000e+00 1.214286e-35 2.927774e-06
   2.050000e-01       2.4523833330    1.999572e+00 2.890743e-07 0.000000e+00 1.469368e-35 3.163810e-06
   2.060000e-01       2.4683874796    1.999555e+00 3.051902e-07 0.000000e+00 1.524616e-35 3.417877e-06
   2.070000e-01       2.4843911248    1.999538e+00 3.220974e-07 0.000000e+00 1.926709e-35 3.691282e-06
   2.080000e-01       2.5003942447    1.999520e+00 3.398326e-07 0.000000e+00 2.574204e-35 3.985425e-06
   2.090000e-01       2.5163968146    1.999502e+00 3.584345e-07 0.000000e+00 3.316363e-35 4.301803e-06
   2.100000e-01       2.5323988094    1.999483e+00 3.779429e-07 0.000000e+00 4.026068e-35 4.642016e-06
   2.110000e-01       2.5484002031    1.999464e+00 3.983985e-07 0.000000e+00 4.516249e-35 5.007772e-06
   2.120000e-01       2.5644009695    1.999444e+00 4.198427e-07 0.000000e+00 5.215668e-35 5.400898e-06
   2.130000e-01       2.5804010814    1.999423e+00 4.423169e-07 0.000000e+00 5.615337e-35 5.823347e-06
   2.140000e-01       2.5964005113    1.999402e+00 4.658626e-07 0.000000e+00 5.679419e-35 6.277202e-06
   2.150000e-01       2.6123992309    1.999380e+00 4.905210e-07 0.000000e+00 5.960050e-35 6.764691e-06
   2.160000e-01       2.6283972112    1.999357e+00 5.163330e-07 0.000000e+00 6.071428e-35 7.288193e-06
   2.170000e-01       2.6443944227    1.999333e+00 5.433400e-07 0.000000e+00 6.218365e-35 7.850249e-06
   2.180000e-01       2.6603908351    1.999309e+00 5.715837e-07 0.000000e+00 6.334739e-35 8.453572e-06
   2.190000e-01       2.6763864175    1.999284e+00 6.011072e-07 0.000000e+00 6.565136e-35 9.101060e-06
   2.200000e-01       2.6923811381    1.999258e+00 6.319554e-07 0.000000e+00 7.459706e-35 9.795807e-06
   2.210000e-01       2.7083749647    1.999231e+00 6.641758e-07 0.000000e+00 8.423886e-35 1.054112e-05
   2.220000e-01       2.7243678641    1.999203e+00 6.978192e-07 0.000000e+00 9.466256e-35 1.134051e-05
   2.230000e-01       2.7403598025    1.999175e+00 7.329399e-07 0.000000e+00 1.138349e-34 1.219776e-05
   2.240000e-01       2.7563507456    1.999145e+00 7.695965e-07 0.000000e+00 1.227216e-34 1.311688e-05
   2.250000e-01       2.7723406580    1.999115e+00 8.078510e-07 0.000000e+00 1.368070e-34 1.410216e-05
   2.260000e-01       2.7883295037    1.999083e+00 8.477692e-07 0.000000e+00 1.459245e-34 1.515818e-05
   2.270000e-01       2.8043172458    1.999051e+00 8.894198e-07 0.000000e+00 1.531228e-34 1.628982e-05
   2.280000e-01       2.8203038468    1.999017e+00 9.328731e-07 0.000000e+00 1.649924e-34 1.750229e-05
   2.290000e-01       2.8362892681    1.998982e+00 9.782008e-07 0.000000e+00 1.673904e-34 1.880115e-05
   2.300000e-01       2.8522734705    1.998947e+00 1.025474e-06 0.000000e+00 1.570931e-34 2.019233e-05
   2.310000e-01       2.8682564139    1.998910e+00 1.074765e-06 0.000000e+00 1.488205e-34 2.168216e-05
   2.320000e-01       2.8842380574    1.998872e+00 1.126141e-06 0.000000e+00 1.343002e-34 2.327738e-05
   2.330000e-01       2.9002183590    1.998832e+00 1.179673e-06 0.000000e+00 1.100263e-34 2.498521e-05
   2.340000e-01       2.9161972760    1.998792e+00 1.235427e-06 0.000000e+00 9.032499e-35 2.681331e-05
   2.350000e-01       2.9321747648    1.998750e+00 1.293470e-06 0.000000e+00 7.824090e-35 2.876988e-05
   2.360000e-01       2.9481507807    1.998706e+00 1.353872e-06 0.000000e+00 7.922832e-35 3.086366e-05
   2.370000e-01       2.9641252780    1.998662e+00 1.416703e-06 0.000000e+00 6.858096e-35 3.310396e-05
   2.380000e-01       2.9800982103    1.998616e+00 1.482039e-06 0.000000e+00 6.546328e-35 3.550073e-05
   2.390000e-01       2.9960695297    1.998568e+00 1.549960e-06 0.000000e+00 7.170516e-35 3.806457e-05
   2.400000e-01       3.0120391875    1.998519e+00 1.620553e-06 0.000000e+00 7.297469e-35 4.080678e-05
   2.410000e-01       3.0280071341    1.998468e+00 1.693912e-06 0.000000e+00 7.373876e-35 4.373943e-05
   2.420000e-01       3.0439733186    1.998415e+00 1.770138e-06 0.000000e+00 7.685456e-35 4.687539e-05
   2.430000e-01       3.0599376890    1.998361e+00 1.849335e-06 0.000000e+00 6.117273e-35 5.022838e-05
   2.440000e-01       3.0759001921    1.998305e+00 1.931614e-06 0.000000e+00 4.593832e-35 5.381303e-05
   2.450000e-01       3.0918607736    1.998247e+00 2.017086e-06 0.000000e+00 3.855621e-35 5.764496e-05
   2.460000e-01       3.1078193779    1.998188e+00 2.105862e-06 0.000000e+00 2.727147e-35 6.174082e-05
   2.470000e-01       3.1237759480    1.998126e+00 2.198052e-06 0.000000e+00 2.051238e-35 6.611837e-05
   2.480000e-01       3.1397304258    1.998062e+00 2.293763e-06 0.000000e+00 1.434103e-35 7.079655e-05
   2.490000e-01       3.1556827517    1.997996e+00 2.393096e-06 0.000000e+00 1.147282e-35 7.579558e-05
   2.500000e-01       3.1716328648    1.997928e+00 2.496153e-06 0.000000e+00 1.372977e-35 8.113700e-05
   2.510000e-01       3.1875807027    1.997857e+00 2.603031e-06 0.000000e+00 1.203706e-35 8.684380e-05
   2.520000e-01       3.2035262014    1.997784e+00 2.713828e-06 0.000000e+00 1.157862e-35 9.294052e-05
   2.530000e-01       3.2194692958    1.997709e+00 2.828647e-06 0.000000e+00 1.504633e-35 9.945331e-05
   2.540000e-01       3.2354099186    1.997631e+00 2.947597e-06 0.000000e+00 2.877610e-35 1.064101e-04
   2.550000e-01       3.2513480012    1.997550e+00 3.070793e-06 0.000000e+00 4.231780e-35 1.138406e-04
   2.560000e-01       3.2672834731    1.997467e+00 3.198365e-06 0.000000e+00 5.045222e-35 1.217767e-04
   2.570000e-01       3.2832162622    1.997380e+00 3.330450e-06 0.000000e+00 9.427538e-35 1.302522e-04
   2.580000e-01       3.2991462943    1.997291e+00 3.467195e-06 0.000000e+00 1.140230e-34 1.393033e-04
   2.590000e-01       3.3150734934    1.997198e+00 3.608758e-06 0.000000e+00 1.295865e-34 1.489686e-04
   2.600000e-01       3.3309977818    1.997102e+00 3.755298e-06 0.000000e+00 1.519679e-34 1.592893e-04
   2.610000e-01       3.3469190792    1.997003e+00 3.906976e-06 0.000000e+00 1.925930e-34 1.703093e-04
   2.620000e-01       3.3628373036    1.996900e+00 4.063949e-06 0.000000e+00 2.258830e-34 1.820757e-04
   2.630000e-01       3.3787523704    1.996793e+00 4.226369e-06 0.000000e+00 1.993638e-34 1.946385e-04
   2.640000e-01       3.3946641930    1.996682e+00 4.394380e-06 0.000000e+00 2.655677e-34 2.080511e-04
   2.650000e-01       3.4105726820    1.996568e+00 4.568118e-06 0.000000e+00 2.981054e-34 2.223706e-04
   2.660000e-01       3.4264777457    1.996449e+00 4.747717e-06 0.000000e+00 3.088729e-34 2.376581e-04
   2.670000e-01       3.4423792897    1.996325e+00 4.933306e-06 0.000000e+00 2.745955e-34 2.539785e-04
   2.680000e-01       3.4582772167    1.996197e+00 5.125020e-06 0.000000e+00 2.303969e-34 2.714014e-04
   2.690000e-01       3.4741714268    1.996064e+00 5.323003e-06 0.000000e+00 1.519679e-34 2.900010e-04
   2.700000e-01       3.4900618169    1.995926e+00 5.527410e-06 0.000000e+00 1.183018e-34 3.098565e-04
   2.710000e-01       3.5059482809    1.995782e+00 5.738415e-06 0.000000e+00 8.887036e-35 3.310525e-04
   2.720000e-01       3.5218307093    1.995633e+00 5.956206e-06 0.000000e+00 1.814963e-34 3.536795e-04
   2.730000e-01       3.5377089891    1.995478e+00 6.180986e-06 0.000000e+00 3.438086e-34 3.778341e-04
   2.740000e-01       3.5535830038    1.995317e+00 6.412969e-06 0.000000e+00 5.905684e-34 4.036193e-04
   2.750000e-01       3.5694526331    1.995149e+00 6.652372e-06 0.000000e+00 8.674208e-34 4.311455e-04
   2.760000e-01       3.5853177527    1.994975e+00 6.899411e-06 0.000000e+00 1.205399e-33 4.605304e-04
   2.770000e-01       3.6011782342    1.994793e+00 7.154291e-06 0.000000e+00 1.483568e-33 4.918998e-04
   2.780000e-01       3.6170339451    1.994604e+00 7.417205e-06 0.000000e+00 1.591901e-33 5.253883e-04
   2.790000e-01       3.6328847481    1.994407e+00 7.688334e-06 0.000000e+00 1.592090e-33 5.611395e-04
   2.800000e-01       3.6487305012    1.994202e+00 7.967847e-06 0.000000e+00 1.702504e-33 5.993070e-04
   2.810000e-01       3.6645710576    1.993988e+00 8.255904e-06 0.000000e+00 1.673904e-33 6.400552e-04
   2.820000e-01       3.6804062648    1.993764e+00 8.552669e-06 0.000000e+00 1.760420e-33 6.835594e-04
   2.830000e-01       3.6962359653    1.993532e+00 8.858315e-06 0.000000e+00 1.493348e-33 7.300073e-04
   2.840000e-01       3.7120599954    1.993289e+00 9.173032e-06 0.000000e+00 1.366218e-33 7.795996e-04
   2.850000e-01       3.7278781857    1.993035e+00 9.497034e-06 0.000000e+00 1.203706e-33 8.325507e-04
   2.860000e-01       3.7436903603    1.992770e+00 9.830558e-06 0.000000e+00 1.014122e-33 8.890899e-04
   2.870000e-01       3.7594963367    1.992493e+00 1.017386e-05 0.000000e+00 1.050234e-33 9.494625e-04
   2.880000e-01       3.7752959252    1.992203e+00 1.052722e-05 0.000000e+00 9.272770e-34 1.013931e-03
   2.890000e-01       3.7910889291    1.991901e+00 1.089090e-05 0.000000e+00 6.261153e-34 1.082775e-03
   2.900000e-01       3.8068751434    1.991584e+00 1.126518e-05 0.000000e+00 7.041681e-34 1.156295e-03
   2.910000e-01       3.8226543555    1.991252e+00 1.165031e-05 0.000000e+00 5.115751e-34 1.234812e-03
   2.920000e-01       3.8384263437    1.990905e+00 1.204652e-05 0.000000e+00 4.814825e-34 1.318669e-03
   2.930000e-01       3.8541908777    1.990542e+00 1.245402e-05 0.000000e+00 3.928972e-34 1.408232e-03
   2.940000e-01       3.8699477176    1.990160e+00 1.287300e-05 0.000000e+00 7.011589e-34 1.503895e-03
   2.950000e-01       3.8856966136    1.989761e+00 1.330363e-05 0.000000e+00 8.185202e-34 1.606076e-03
   2.960000e-01       3.9014373053    1.989342e+00 1.374610e-05 0.000000e+00 1.222514e-33 1.715224e-03
   2.970000e-01       3.9171695215    1.988902e+00 1.420061e-05 0.000000e+00 1.728071e-33 1.831820e-03
   2.980000e-01       3.9328929790    1.988441e+00 1.466738e-05 0.000000e+00 2.783571e-33 1.956377e-03
   2.990000e-01       3.9486073828    1.987956e+00 1.514666e-05 0.000000e+00 3.048386e-33 2.089444e-03
   3.000000e-01       3.9643124247    1.987447e+00 1.563876e-05 0.000000e+00 3.626165e-33 2.231608e-03
   3.010000e-01       3.9800077832    1.986911e+00 1.614396e-05 0.000000e+00 4.322998e-33 2.383497e-03
   3.020000e-01       3.9956931226    1.986349e+00 1.666260e-05 0.000000e+00 4.249083e-33 2.545782e-03
   3.030000e-01       4.0113680922    1.985757e+00 1.719498e-05 0.000000e+00 5.007418e-33 2.719182e-03
   3.040000e-01       4.0270323256    1.985134e+00 1.774138e-05 0.000000e+00 3.991038e-33 2.904463e-03
   3.050000e-01       4.0426854400    1.984478e+00 1.830205e-05 0.000000e+00 3.587045e-33 3.102446e-03
   3.060000e-01       4.0583270350    1.983788e+00 1.887719e-05 0.000000e+00 2.949080e-33 3.314007e-03
   3.070000e-01       4.0739566918    1.983061e+00 1.946697e-05 0.000000e+00 2.142597e-33 3.540085e-03
   3.080000e-01       4.0895739728    1.982295e+00 2.007153e-05 0.000000e+00 1.577607e-33 3.781679e-03
   3.090000e-01       4.1051784196    1.981487e+00 2.069102e-05 0.000000e+00 1.740108e-33 4.039861e-03
   3.100000e-01       4.1207695530    1.980635e+00 2.132559e-05 0.000000e+00 1.745374e-33 4.315773e-03
   3.110000e-01       4.1363468713    1.979737e+00 2.197542e-05 0.000000e+00 2.226856e-33 4.610635e-03
   3.120000e-01       4.1519098494    1.978789e+00 2.264074e-05 0.000000e+00 2.239646e-33 4.925750e-03
   3.130000e-01       4.1674579376    1.977788e+00 2.332179e-05 0.000000e+00 3.141673e-33 5.262509e-03
   3.140000e-01       4.1829905602    1.976732e+00 2.401885e-05 0.000000e+00 3.478711e-33 5.622396e-03
   3.150000e-01       4.1985071144    1.975616e+00 2.473217e-05 0.000000e+00 4.923158e-33 6.006996e-03
   3.160000e-01       4.2140069689    1.974438e+00 2.546200e-05 0.000000e+00 5.700301e-33 6.417997e-03
   3.170000e-01       4.2294894624    1.973193e+00 2.620850e-05 0.000000e+00 5.874086e-33 6.857201e-03
   3.180000e-01       4.2449539024    1.971876e+00 2.697178e-05 0.000000e+00 5.212048e-33 7.326525e-03
   3.190000e-01       4.2603995635    1.970485e+00 2.775187e-05 0.000000e+00 4.875010e-33 7.828016e-03
   3.200000e-01       4.2758256859    1.969014e+00 2.854874e-05 0.000000e+00 3.959265e-33 8.363850e-03
   3.210000e-01       4.2912314740    1.967458e+00 2.936232e-05 0.000000e+00 3.466674e-33 8.936346e-03
   3.220000e-01       4.3066160940    1.965812e+00 3.019250e-05 0.000000e+00 3.081488e-33 9.547970e-03
   3.230000e-01       4.3219786729    1.964071e+00 3.103921e-05 0.000000e+00 3.228942e-33 1.020134e-02
   3.240000e-01       4.3373182967    1.962228e+00 3.190239e-05 0.000000e+00 2.709091e-33 1.089925e-02
   3.250000e-01       4.3526340078    1.960278e+00 3.278198e-05 0.000000e+00 2.082412e-33 1.164466e-02
   3.260000e-01       4.3679248042    1.958215e+00 3.367796e-05 0.000000e+00 2.407412e-33 1.244072e-02
   3.270000e-01       4.3831896367    1.956030e+00 3.459025e-05 0.000000e+00 9.178260e-34 1.329074e-02
   3.280000e-01       4.3984274075    1.953718e+00 3.551873e-05 0.000000e+00 5.567141e-34 1.419828e-02
   3.290000e-01       4.4136369681    1.951270e+00 3.646317e-05 0.000000e+00 2.407412e-34 1.516708e-02
   3.300000e-01       4.4288171166    1.948678e+00 3.742320e-05 0.000000e+00 2.407412e-34 1.620110e-02
   3.310000e-01       4.4439665966    1.945935e+00 3.839832e-05 0.000000e+00 8.825141e-34 1.730453e-02
   3.320000e-01       4.4590840945    1.943030e+00 3.938789e-05 0.000000e+00 1.781485e-33 1.848180e-02
   3.330000e-01       4.4741682374    1.939955e+00 4.039117e-05 0.000000e+00 4.285194e-33 1.973759e-02
   3.340000e-01       4.4892175915    1.936700e+00 4.140732e-05 0.000000e+00 4.670380e-33 2.107684e-02
   3.350000e-01       4.5042306595    1.933254e+00 4.243550e-05 0.000000e+00 7.008579e-33 2.250474e-02
   3.360000e-01       4.5192058787    1.929606e+00 4.347480e-05 0.000000e+00 9.485205e-33 2.402676e-02
   3.370000e-01       4.5341416191    1.925746e+00 4.452431e-05 0.000000e+00 1.083336e-32 2.564864e-02
   3.380000e-01       4.5490361812    1.921662e+00 4.558306e-05 0.000000e+00 1.929616e-32 2.737642e-02
   3.390000e-01       4.5638877942    1.917341e+00 4.664998e-05 0.000000e+00 2.643339e-32 2.921643e-02
   3.400000e-01       4.5786946143    1.912770e+00 4.772385e-05 0.000000e+00 2.359264e-32 3.117528e-02
   3.410000e-01       4.5934547226    1.907936e+00 4.880325e-05 0.000000e+00 2.503709e-32 3.325990e-02
   3.420000e-01       4.6081661240    1.902825e+00 4.988651e-05 0.000000e+00 2.503709e-32 3.547749e-02
   3.430000e-01       4.6228267454    1.897423e+00 5.097172e-05 0.000000e+00 1.560003e-32 3.783558e-02
   3.440000e-01       4.6374344347    1.891715e+00 5.205672e-05 0.000000e+00 1.540744e-32 4.034197e-02
   3.450000e-01       4.6519869598    1.885685e+00 5.313916e-05 0.000000e+00 1.153451e-32 4.300478e-02
   3.460000e-01       4.6664820074    1.879318e+00 5.421655e-05 0.000000e+00 1.020743e-32 4.583239e-02
   3.470000e-01       4.6809171828    1.872598e+00 5.528627e-05 0.000000e+00 6.933348e-33 4.883346e-02
   3.480000e-01       4.6952900098    1.865508e+00 5.634561e-05 0.000000e+00 2.503709e-33 5.201691e-02
   3.490000e-01       4.7095979306    1.858031e+00 5.739177e-05 0.000000e+00 3.445609e-33 5.539189e-02
   3.500000e-01       4.7238383069    1.850150e+00 5.842179e-05 0.000000e+00 8.666685e-33 5.896777e-02
   3.510000e-01       4.7380084202    1.841848e+00 5.943251e-05 0.000000e+00 5.633345e-33 6.275413e-02
   3.520000e-01       4.7521054741    1.833107e+00 6.042052e-05 0.000000e+00 8.137054e-33 6.676068e-02
   3.530000e-01       4.7661265958    1.823909e+00 6.138206e-05 0.000000e+00 9.485205e-33 7.099725e-02
   3.540000e-01       4.7800688389    1.814238e+00 6.231306e-05 0.000000e+00 1.540744e-32 7.547375e-02
   3.550000e-01       4.7939291869    1.804075e+00 6.320911e-05 0.000000e+00 2.503709e-32 8.020013e-02
   3.560000e-01       4.8077045570    1.793403e+00 6.406555e-05 0.000000e+00 2.196764e-32 8.518626e-02
   3.570000e-01       4.8213918052    1.782206e+00 6.487751e-05 0.000000e+00 2.099264e-32 9.044195e-02
   3.580000e-01       4.8349877317    1.770467e+00 6.564003e-05 0.000000e+00 2.465190e-32 9.597681e-02
   3.590000e-01       4.8484890877    1.758171e+00 6.634807e-05 0.000000e+00 2.813570e-32 1.018002e-01
   3.600000e-01       4.8618925829    1.745303e+00 6.699656e-05 0.000000e+00 2.407412e-32 1.079211e-01
   3.610000e-01       4.8751948937    1.731849e+00 6.758039e-05 0.000000e+00 2.850376e-32 1.143481e-01
   3.620000e-01       4.8883926731    1.717798e+00 6.809435e-05 0.000000e+00 2.161856e-32 1.210892e-01
   3.630000e-01       4.9014825616    1.703138e+00 6.853311e-05 0.000000e+00 1.174817e-32 1.281516e-01
   3.640000e-01       4.9144611987    1.687861e+00 6.889115e-05 0.000000e+00 3.274081e-33 1.355418e-01
   3.650000e-01       4.9273252368    1.671960e+00 6.916283e-05 0.000000e+00 7.703720e-34 1.432654e-01
   3.660000e-01       4.9400713551    1.655430e+00 6.934241e-05 0.000000e+00 4.814825e-35 1.513268e-01
   3.670000e-01       4.9526962759    1.638268e+00 6.942418e-05 0.000000e+00 5.585197e-33 1.597290e-01
   3.680000e-01       4.9651967818    1.620477e+00 6.940260e-05 0.000000e+00 6.162976e-33 1.684738e-01
   3.690000e-01       4.9775697343    1.602060e+00 6.927243e-05 0.000000e+00 2.051416e-32 1.775611e-01
   3.700000e-01       4.9898120940    1.583025e+00 6.902889e-05 0.000000e+00 3.158525e-32 1.869892e-01
   3.710000e-01       5.0019209422    1.563385e+00 6.866772e-05 0.000000e+00 3.562970e-32 1.967542e-01
   3.720000e-01       5.0138935040    1.543154e+00 6.818523e-05 0.000000e+00 3.948156e-32 2.068502e-01
   3.730000e-01       5.0257271731    1.522354e+00 6.757831e-05 0.000000e+00 3.254822e-32 2.172685e-01
   3.740000e-01       5.0374195371    1.501011e+00 6.684447e-05 0.000000e+00 2.002967e-32 2.279981e-01
   3.750000e-01       5.0489684052    1.479157e+00 6.598184e-05 0.000000e+00 1.174817e-32 2.390249e-01
   3.760000e-01       5.0603718362    1.456827e+00 6.498931e-05 0.000000e+00 7.366682e-33 2.503317e-01
   3.770000e-01       5.0716281685    1.434067e+00 6.386665e-05 0.000000e+00 1.001484e-32 2.618981e-01
   3.780000e-01       5.0827360507    1.410924e+00 6.261472e-05 0.000000e+00 2.503709e-33 2.737002e-01
   3.790000e-01       5.0936944730    1.387456e+00 6.123569e-05 0.000000e+00 1.637040e-32 2.857102e-01
   3.800000e-01       5.1045027994    1.363727e+00 5.973328e-05 0.000000e+00 2.465190e-32 2.978966e-01
   3.810000e-01       5.1151608007    1.339806e+00 5.811289e-05 0.000000e+00 1.309632e-32 3.102239e-01
   3.820000e-01       5.1256686870    1.315773e+00 5.638172e-05 0.000000e+00 1.868152e-32 3.226521e-01
   3.830000e-01       5.1360271411    1.291712e+00 5.454885e-05 0.000000e+00 2.002967e-32 3.351373e-01
   3.840000e-01       5.1462373501    1.267718e+00 5.262524e-05 0.000000e+00 3.158525e-32 3.476308e-01
   3.850000e-01       5.1563010379    1.243891e+00 5.062374e-05 0.000000e+00 5.238529e-32 3.600800e-01
   3.860000e-01       5.1662204955    1.220340e+00 4.855917e-05 0.000000e+00 6.952607e-32 3.724274e-01
   3.870000e-01       5.1759986100    1.197179e+00 4.644841e-05 0.000000e+00 8.936315e-32 3.846115e-01
   3.880000e-01       5.1856388914    1.174533e+00 4.431050e-05 0.000000e+00 7.260756e-32 3.965666e-01
   3.890000e-01       5.1951454972    1.152530e+00 4.216683e-05 0.000000e+00 1.188299e-31 4.082228e-01
   3.900000e-01       5.2045232537    1.131304e+00 4.004120e-05 0.000000e+00 1.309632e-31 4.195066e-01
   3.910000e-01       5.2137776733    1.110997e+00 3.795987e-05 0.000000e+00 1.558077e-31 4.303411e-01
   3.920000e-01       5.2229149681    1.091752e+00 3.595150e-05 0.000000e+00 2.528746e-31 4.406463e-01
   3.930000e-01       5.2319420582    1.073718e+00 3.404699e-05 0.000000e+00 2.996747e-31 4.503400e-01
   3.940000e-01       5.2408665747    1.057044e+00 3.227921e-05 0.000000e+00 3.728600e-31 4.593380e-01
   3.950000e-01       5.2496968566    1.041881e+00 3.068279e-05 0.000000e+00 3.833315e-31 4.675549e-01
   3.960000e-01       5.2584419401    1.028378e+00 2.929376e-05 0.000000e+00 4.907269e-31 4.749052e-01
   3.970000e-01       5.2671115419    1.016684e+00 2.814930e-05 0.000000e+00 4.468157e-31 4.813039e-01
   3.980000e-01       5.2757160327    1.006942e+00 2.728750e-05 0.000000e+00 3.638082e-31 4.866676e-01
   3.990000e-01       5.2842664035    9.992874e-01 2.674699e-05 0.000000e+00 3.081488e-31 4.909157e-01
   4.000000e-01       5.2927742220    9.938499e-01 2.656664e-05 0.000000e+00 2.565339e-31 4.939716e-01
   4.010000e-01       5.3012515793    9.907467e-01 2.678499e-05 0.000000e+00 2.053523e-31 4.957637e-01
   4.020000e-01       5.3097110273    9.900822e-01 2.743968e-05 0.000000e+00 1.887411e-31 4.962273e-01
   4.030000e-01       5.3181655050    9.919454e-01 2.856671e-05 0.000000e+00 1.147854e-31 4.953057e-01
   4.040000e-01       5.3266282547    9.964069e-01 3.019958e-05 0.000000e+00 2.020301e-31 4.929516e-01
   4.050000e-01       5.3351127273    1.003517e+00 3.236849e-05 0.000000e+00 2.020301e-31 4.891288e-01
   4.060000e-01       5.3436324782    1.013302e+00 3.509950e-05 0.000000e+00 2.742524e-31 4.838138e-01
   4.070000e-01       5.3522010520    1.025763e+00 3.841378e-05 0.000000e+00 3.266377e-31 4.769969e-01
   4.080000e-01       5.3608318581    1.040873e+00 4.232690e-05 0.000000e+00 2.565339e-31 4.686844e-01
   4.090000e-01       5.3695380377    1.058576e+00 4.684811e-05 0.000000e+00 2.989043e-31 4.588989e-01
   4.100000e-01       5.3783323222    1.078781e+00 5.197964e-05 0.000000e+00 3.274081e-31 4.476815e-01
   4.110000e-01       5.3872268859    1.101366e+00 5.771584e-05 0.000000e+00 3.347387e-31 4.350925e-01
   4.120000e-01       5.3962331915    1.126173e+00 6.404246e-05 0.000000e+00 3.150821e-31 4.212122e-01
   4.130000e-01       5.4053618344    1.153009e+00 7.093576e-05 0.000000e+00 3.482081e-31 4.061420e-01
   4.140000e-01       5.4146223828    1.181642e+00 7.836182e-05 0.000000e+00 2.824625e-31 3.900042e-01
   4.150000e-01       5.4240232204    1.211809e+00 8.627606e-05 0.000000e+00 2.526820e-31 3.729426e-01
   4.160000e-01       5.4335713906    1.243208e+00 9.462293e-05 0.000000e+00 2.226375e-31 3.551217e-01
   4.170000e-01       5.4432724475    1.275505e+00 1.033360e-04 0.000000e+00 1.768485e-31 3.367267e-01
   4.180000e-01       5.4531303141    1.308335e+00 1.123380e-04 0.000000e+00 1.124743e-31 3.179617e-01
   4.190000e-01       5.4631471540    1.341306e+00 1.215418e-04 0.000000e+00 1.301929e-31 2.990483e-01
   4.200000e-01       5.4733232563    1.374000e+00 1.308505e-04 0.000000e+00 1.527262e-31 2.802239e-01
   4.210000e-01       5.4836569403    1.405983e+00 1.401585e-04 0.000000e+00 1.745374e-31 2.617386e-01
   4.220000e-01       5.4941444811    1.436804e+00 1.493524e-04 0.000000e+00 2.249486e-31 2.438523e-01
   4.230000e-01       5.5047800607    1.466007e+00 1.583120e-04 0.000000e+00 2.257190e-31 2.268313e-01
   4.240000e-01       5.5155557471    1.493136e+00 1.669122e-04 0.000000e+00 1.773812e-31 2.109440e-01
   4.250000e-01       5.5264615058    1.517741e+00 1.750246e-04 0.000000e+00 1.997189e-31 1.964562e-01
   4.260000e-01       5.5374852441    1.539392e+00 1.825202e-04 0.000000e+00 1.579263e-31 1.836267e-01
   4.270000e-01       5.5486128941    1.557680e+00 1.892717e-04 0.000000e+00 1.473336e-31 1.727015e-01
   4.280000e-01       5.5598285327    1.572233e+00 1.951570e-04 0.000000e+00 1.602374e-31 1.639086e-01
   4.290000e-01       5.5711145431    1.582724e+00 2.000621e-04 0.000000e+00 1.943263e-31 1.574520e-01
   4.300000e-01       5.5824518159    1.588877e+00 2.038841e-04 0.000000e+00 1.979856e-31 1.535063e-01
   4.310000e-01       5.5938199923    1.590479e+00 2.065342e-04 0.000000e+00 2.039349e-31 1.522107e-01
   4.320000e-01       5.6051977451    1.587390e+00 2.079408e-04 0.000000e+00 1.858522e-31 1.536638e-01
   4.330000e-01       5.6165630990    1.579546e+00 2.080522e-04 0.000000e+00 1.309632e-31 1.579186e-01
   4.340000e-01       5.6278937843    1.566972e+00 2.068392e-04 0.000000e+00 7.645942e-32 1.649777e-01
   4.350000e-01       5.6391676213    1.549782e+00 2.042981e-04 0.000000e+00 6.684181e-32 1.747901e-01
   4.360000e-01       5.6503629295    1.528185e+00 2.004529e-04 0.000000e+00 6.856311e-32 1.872477e-01
   4.370000e-01       5.6614589552    1.502489e+00 1.953576e-04 0.000000e+00 5.007418e-32 2.021839e-01
   4.380000e-01       5.6724363091    1.473098e+00 1.890975e-04 0.000000e+00 5.874086e-32 2.193731e-01
   4.390000e-01       5.6832774061    1.440509e+00 1.817900e-04 0.000000e+00 7.029644e-32 2.385313e-01
   4.400000e-01       5.6939668968    1.405311e+00 1.735837e-04 0.000000e+00 6.548162e-32 2.593189e-01
   4.410000e-01       5.7044920802    1.368174e+00 1.646575e-04 0.000000e+00 7.703720e-32 2.813441e-01
   4.420000e-01       5.7148432860    1.329840e+00 1.552181e-04 0.000000e+00 6.591495e-32 3.041687e-01
   4.430000e-01       5.7250142153    1.291110e+00 1.454968e-04 0.000000e+00 4.468157e-32 3.273158e-01
   4.440000e-01       5.7350022271    1.252828e+00 1.357452e-04 0.000000e+00 5.565938e-32 3.502783e-01
   4.450000e-01       5.7448085591    1.215865e+00 1.262312e-04 0.000000e+00 6.770847e-32 3.725296e-01
   4.460000e-01       5.7544384720    1.181096e+00 1.172326e-04 0.000000e+00 6.548162e-32 3.935354e-01
   4.470000e-01       5.7639013059    1.149379e+00 1.090313e-04 0.000000e+00 4.930381e-32 4.127673e-01
   4.480000e-01       5.7732104413    1.121534e+00 1.019053e-04 0.000000e+00 4.241861e-32 4.297164e-01
   4.490000e-01       5.7823831563    1.098317e+00 9.612106e-05 0.000000e+00 3.466674e-32 4.439082e-01
   4.500000e-01       5.7914403754    1.080399e+00 9.192446e-05 0.000000e+00 1.925930e-32 4.549179e-01
   4.510000e-01       5.8004063084    1.068336e+00 8.953201e-05 0.000000e+00 5.461215e-32 4.623847e-01
   4.520000e-01       5.8093079786    1.062555e+00 8.912231e-05 0.000000e+00 1.925930e-32 4.660263e-01
   4.530000e-01       5.8181746453    1.063330e+00 9.082810e-05 0.000000e+00 1.309632e-32 4.656514e-01
   4.540000e-01       5.8270371289    1.070766e+00 9.472927e-05 0.000000e+00 1.203706e-35 4.611714e-01
   4.550000e-01       5.8359270483    1.084788e+00 1.008470e-04 0.000000e+00 0.000000e+00 4.526088e-01
   4.560000e-01       5.8448759881    1.105127e+00 1.091389e-04 0.000000e+00 2.465190e-32 4.401037e-01
   4.570000e-01       5.8539146132    1.131328e+00 1.194964e-04 0.000000e+00 5.898160e-32 4.239167e-01
   4.580000e-01       5.8630717543    1.162740e+00 1.317427e-04 0.000000e+00 6.548162e-32 4.044280e-01
   4.590000e-01       5.8723734902    1.198537e+00 1.456338e-04 0.000000e+00 4.468157e-32 3.821331e-01
   4.600000e-01       5.8818422555    1.237726e+00 1.608612e-04 0.000000e+00 4.005934e-32 3.576338e-01
   4.610000e-01       5.8914960049    1.279175e+00 1.770583e-04 0.000000e+00 4.005934e-32 3.316254e-01
   4.620000e-01       5.9013474644    1.321636e+00 1.938084e-04 0.000000e+00 3.081488e-32 3.048793e-01
   4.630000e-01       5.9114035036    1.363786e+00 2.106564e-04 0.000000e+00 3.774823e-32 2.782219e-01
   4.640000e-01       5.9216646579    1.404262e+00 2.271219e-04 0.000000e+00 4.718528e-32 2.525106e-01
   4.650000e-01       5.9321248291    1.441709e+00 2.427151e-04 0.000000e+00 3.158525e-32 2.286058e-01
   4.660000e-01       5.9427711903    1.474823e+00 2.569530e-04 0.000000e+00 1.405929e-32 2.073416e-01
   4.670000e-01       5.9535843137    1.502401e+00 2.693768e-04 0.000000e+00 2.046301e-32 1.894948e-01
   4.680000e-01       5.9645385338    1.523391e+00 2.795702e-04 0.000000e+00 2.850376e-32 1.757546e-01
   4.690000e-01       5.9756025526    1.536931e+00 2.871770e-04 0.000000e+00 4.082971e-32 1.666923e-01
   4.700000e-01       5.9867402835    1.542399e+00 2.919183e-04 0.000000e+00 5.007418e-32 1.627338e-01
   4.710000e-01       5.9979119195    1.539439e+00 2.936083e-04 0.000000e+00 5.559016e-32 1.641363e-01
   4.720000e-01       6.0090752048    1.527995e+00 2.921677e-04 0.000000e+00 7.877053e-32 1.709690e-01
   4.730000e-01       6.0201868746    1.508322e+00 2.876339e-04 0.000000e+00 7.703720e-32 1.831005e-01
   4.740000e-01       6.0312042218    1.480998e+00 2.801662e-04 0.000000e+00 9.013352e-32 2.001932e-01
   4.750000e-01       6.0420867371    1.446911e+00 2.700466e-04 0.000000e+00 7.053718e-32 2.217054e-01
   4.760000e-01       6.0527977624    1.407242e+00 2.576752e-04 0.000000e+00 4.082971e-32 2.469023e-01
   4.770000e-01       6.0633060915    1.363430e+00 2.435598e-04 0.000000e+00 3.254822e-32 2.748759e-01
   4.780000e-01       6.0735874475    1.317130e+00 2.283015e-04 0.000000e+00 2.827581e-32 3.045730e-01
   4.790000e-01       6.0836257653    1.270146e+00 2.125742e-04 0.000000e+00 6.856311e-32 3.348315e-01
   4.800000e-01       6.0934142109    1.224373e+00 1.971007e-04 0.000000e+00 8.705203e-32 3.644244e-01
   4.810000e-01       6.1029558721    1.181710e+00 1.826243e-04 0.000000e+00 1.282790e-31 3.921085e-01
   4.820000e-01       6.1122640669    1.143985e+00 1.698775e-04 0.000000e+00 2.257190e-31 4.166780e-01
   4.830000e-01       6.1213622269    1.112872e+00 1.595482e-04 0.000000e+00 2.742524e-31 4.370192e-01
   4.840000e-01       6.1302833278    1.089805e+00 1.522460e-04 0.000000e+00 2.621191e-31 4.521647e-01
   4.850000e-01       6.1390688619    1.075907e+00 1.484688e-04 0.000000e+00 1.856596e-31 4.613445e-01
   4.860000e-01       6.1477673635    1.071921e+00 1.485740e-04 0.000000e+00 1.579263e-31 4.640313e-01
   4.870000e-01       6.1564325237    1.078162e+00 1.527537e-04 0.000000e+00 1.326966e-31 4.599763e-01
   4.880000e-01       6.1651209553    1.094484e+00 1.610176e-04 0.000000e+00 1.209484e-31 4.492348e-01
   4.890000e-01       6.1738896871    1.120261e+00 1.731827e-04 0.000000e+00 7.780757e-32 4.321780e-01
   4.900000e-01       6.1827934917    1.154404e+00 1.888730e-04 0.000000e+00 1.232595e-31 4.094906e-01
   4.910000e-01       6.1918821659    1.195386e+00 2.075273e-04 0.000000e+00 1.789189e-31 3.821517e-01
   4.920000e-01       6.2011978960    1.241304e+00 2.284176e-04 0.000000e+00 1.802670e-31 3.514011e-01
   4.930000e-01       6.2107728475    1.289956e+00 2.506762e-04 0.000000e+00 1.787263e-31 3.186882e-01
   4.940000e-01       6.2206271208    1.338938e+00 2.733335e-04 0.000000e+00 1.794967e-31 2.856094e-01
   4.950000e-01       6.2307672024    1.385763e+00 2.953629e-04 0.000000e+00 2.002967e-31 2.538319e-01
   4.960000e-01       6.2411850326    1.427981e+00 3.157324e-04 0.000000e+00 1.835411e-31 2.250106e-01
   4.970000e-01       6.2518577798    1.463313e+00 3.334604e-04 0.000000e+00 1.976486e-31 2.007000e-01
   4.980000e-01       6.2627483873    1.489776e+00 3.476709e-04 0.000000e+00 2.349635e-31 1.822670e-01
   4.990000e-01       6.2738069151    1.505805e+00 3.576465e-04 0.000000e+00 2.937043e-31 1.708081e-01
   5.000000e-01       6.2849726613    1.510355e+00 3.628752e-04 0.000000e+00 2.966414e-31 1.670776e-01
   5.010000e-01       6.2961769976    1.502976e+00 3.630883e-04 0.000000e+00 2.973636e-31 1.714302e-01
   5.020000e-01       6.3073468097    1.483867e+00 3.582869e-04 0.000000e+00 2.503709e-31 1.837836e-01
   5.030000e-01       6.3184083868    1.453886e+00 3.487544e-04 0.000000e+00 2.603857e-31 2.036037e-01
   5.040000e-01       6.3292915675    1.414531e+00 3.350548e-04 0.000000e+00 2.374672e-31 2.299157e-01
   5.050000e-01       6.3399339147    1.367877e+00 3.180130e-04 0.000000e+00 2.496005e-31 2.613410e-01
   5.060000e-01       6.3502846739    1.316475e+00 2.986788e-04 0.000000e+00 3.358822e-31 2.961612e-01
   5.070000e-01       6.3603082628    1.263224e+00 2.782743e-04 0.000000e+00 4.485491e-31 3.324051e-01
   5.080000e-01       6.3699870456    1.211207e+00 2.581272e-04 0.000000e+00 5.409937e-31 3.679568e-01
   5.090000e-01       6.3793231740    1.163513e+00 2.395934e-04 0.000000e+00 6.162976e-31 4.006783e-01
   5.100000e-01       6.3883393135    1.123047e+00 2.239744e-04 0.000000e+00 7.782683e-31 4.285397e-01
   5.110000e-01       6.3970781363    1.092344e+00 2.124332e-04 0.000000e+00 7.518831e-31 4.497508e-01
   5.120000e-01       6.4056005252    1.073394e+00 2.059151e-04 0.000000e+00 9.321501e-31 4.628832e-01
   5.130000e-01       6.4139825201    1.067499e+00 2.050787e-04 0.000000e+00 9.028760e-31 4.669768e-01
   5.140000e-01       6.4223111177    1.075160e+00 2.102410e-04 0.000000e+00 7.434090e-31 4.616206e-01
   5.150000e-01       6.4306791259    1.096017e+00 2.213413e-04 0.000000e+00 6.548162e-31 4.470027e-01
   5.160000e-01       6.4391793515    1.128842e+00 2.379284e-04 0.000000e+00 6.473051e-31 4.239218e-01
   5.170000e-01       6.4478984673    1.171585e+00 2.591738e-04 0.000000e+00 5.219752e-31 3.937592e-01
   5.180000e-01       6.4569109557    1.221485e+00 2.839105e-04 0.000000e+00 5.369493e-31 3.584094e-01
   5.190000e-01       6.4662735503    1.275234e+00 3.106997e-04 0.000000e+00 4.862973e-31 3.201719e-01
   5.200000e-01       6.4760205970    1.329175e+00 3.379191e-04 0.000000e+00 5.947392e-31 2.816093e-01
   5.210000e-01       6.4861607188    1.379553e+00 3.638695e-04 0.000000e+00 6.041642e-31 2.453793e-01
   5.220000e-01       6.4966751112    1.422769e+00 3.868913e-04 0.000000e+00 5.926086e-31 2.140524e-01
   5.230000e-01       6.5075176953    1.455640e+00 4.054845e-04 0.000000e+00 4.692047e-31 1.899251e-01
   5.240000e-01       6.5186172407    1.475644e+00 4.184215e-04 0.000000e+00 4.560602e-31 1.748449e-01
   5.250000e-01       6.5298814302    1.481122e+00 4.248474e-04 0.000000e+00 3.921193e-31 1.700588e-01
   5.260000e-01       6.5412026927    1.471433e+00 4.243569e-04 0.000000e+00 2.811858e-31 1.760982e-01
   5.270000e-01       6.5524654795    1.447030e+00 4.170434e-04 0.000000e+00 2.124421e-31 1.927123e-01
   5.280000e-01       6.5635545298    1.409470e+00 4.035120e-04 0.000000e+00 1.972634e-31 2.188570e-01
   5.290000e-01       6.5743635535    1.361331e+00 3.848543e-04 0.000000e+00 2.010671e-31 2.527431e-01
   5.300000e-01       6.5848036896    1.306048e+00 3.625839e-04 0.000000e+00 2.072301e-31 2.919451e-01
   5.310000e-01       6.5948110642    1.247683e+00 3.385345e-04 0.000000e+00 2.006939e-31 3.335641e-01
   5.320000e-01       6.6043527950    1.190624e+00 3.147281e-04 0.000000e+00 1.925930e-31 3.744360e-01
   5.330000e-01       6.6134308649    1.139256e+00 2.932220e-04 0.000000e+00 2.904302e-31 4.113706e-01
   5.340000e-01       6.6220834195    1.097614e+00 2.759462e-04 0.000000e+00 3.274081e-31 4.414045e-01
   5.350000e-01       6.6303832171    1.069043e+00 2.645446e-04 0.000000e+00 4.629936e-31 4.620472e-01
   5.360000e-01       6.6384331835    1.055911e+00 2.602318e-04 0.000000e+00 4.198527e-31 4.715006e-01
   5.370000e-01       6.6463592534    1.059382e+00 2.636782e-04 0.000000e+00 4.079601e-31 4.688316e-01
   5.380000e-01       6.6543009315    1.079280e+00 2.749342e-04 0.000000e+00 3.274081e-31 4.540807e-01
   5.390000e-01       6.6624002264    1.114063e+00 2.934029e-04 0.000000e+00 2.742524e-31 4.282942e-01
   5.400000e-01       6.6707898001    1.160908e+00 3.178663e-04 0.000000e+00 1.984189e-31 3.934717e-01
   5.410000e-01       6.6795813059    1.215912e+00 3.465674e-04 0.000000e+00 1.301929e-31 3.524305e-01
   5.420000e-01       6.6888549393    1.274387e+00 3.773423e-04 0.000000e+00 1.226817e-31 3.085924e-01
   5.430000e-01       6.6986511930    1.331249e+00 4.077958e-04 0.000000e+00 1.196514e-31 2.657084e-01
   5.440000e-01       6.7089656824    1.381445e+00 4.355039e-04 0.000000e+00 1.350077e-31 2.275417e-01
   5.450000e-01       6.7197476912    1.420397e+00 4.582270e-04 0.000000e+00 2.289931e-31 1.975353e-01
   5.460000e-01       6.7309027939    1.444430e+00 4.741155e-04 0.000000e+00 2.513339e-31 1.784936e-01
   5.470000e-01       6.7422995654    1.451126e+00 4.818886e-04 0.000000e+00 2.465190e-31 1.723076e-01
   5.480000e-01       6.7537800065    1.439580e+00 4.809690e-04 0.000000e+00 3.098821e-31 1.797512e-01
   5.490000e-01       6.7651729423    1.410531e+00 4.715600e-04 0.000000e+00 3.851860e-31 2.003715e-01
   5.500000e-01       6.7763093187    1.366344e+00 4.546531e-04 0.000000e+00 3.736304e-31 2.324890e-01
   5.510000e-01       6.7870380644    1.310833e+00 4.319624e-04 0.000000e+00 3.836934e-31 2.733125e-01
   5.520000e-01       6.7972410410    1.248952e+00 4.057866e-04 0.000000e+00 3.574526e-31 3.191642e-01
   5.530000e-01       6.8068455901    1.186353e+00 3.788083e-04 0.000000e+00 3.699711e-31 3.658002e-01
   5.540000e-01       6.8158333169    1.128870e+00 3.538473e-04 0.000000e+00 3.150821e-31 4.087984e-01
   5.550000e-01       6.8242440287    1.081958e+00 3.335916e-04 0.000000e+00 3.120007e-31 4.439810e-01
   5.560000e-01       6.8321741553    1.050150e+00 3.203299e-04 0.000000e+00 3.482081e-31 4.678310e-01
   5.570000e-01       6.8397694850    1.036587e+00 3.157153e-04 0.000000e+00 2.989043e-31 4.778609e-01
   5.580000e-01       6.8472126133    1.042666e+00 3.205824e-04 0.000000e+00 3.089192e-31 4.728936e-01
   5.590000e-01       6.8547060705    1.067849e+00 3.348391e-04 0.000000e+00 3.699711e-31 4.532244e-01
   5.600000e-01       6.8624526004    1.109664e+00 3.574478e-04 0.000000e+00 3.129636e-31 4.206385e-01
   5.610000e-01       6.8706344605    1.163899e+00 3.865009e-04 0.000000e+00 4.106083e-31 3.782782e-01
   5.620000e-01       6.8793938379    1.224991e+00 4.193908e-04 0.000000e+00 4.747417e-31 3.303623e-01
   5.630000e-01       6.8888164998    1.286556e+00 4.530594e-04 0.000000e+00 4.439269e-31 2.817841e-01
   5.640000e-01       6.8989205918    1.342040e+00 4.843057e-04 0.000000e+00 4.660750e-31 2.376195e-01
   5.650000e-01       6.9096520713    1.385402e+00 5.101210e-04 0.000000e+00 4.262083e-31 2.025977e-01
   5.660000e-01       6.9208876446    1.411768e+00 5.280154e-04 0.000000e+00 4.268342e-31 1.805862e-01
   5.670000e-01       6.9324453125    1.417987e+00 5.362987e-04 0.000000e+00 4.082971e-31 1.741483e-01
   5.680000e-01       6.9441018015    1.403016e+00 5.342849e-04 0.000000e+00 3.466674e-31 1.842241e-01
   5.690000e-01       6.9556153464    1.368093e+00 5.223937e-04 0.000000e+00 3.589933e-31 2.099776e-01
   5.700000e-01       6.9667515913    1.316660e+00 5.021345e-04 0.000000e+00 3.536489e-31 2.488325e-01
   5.710000e-01       6.9773098834    1.254045e+00 4.759699e-04 0.000000e+00 3.776749e-31 2.967043e-01
   5.720000e-01       6.9871470108    1.186912e+00 4.470680e-04 0.000000e+00 4.106083e-31 3.484104e-01
   5.730000e-01       6.9961955428    1.122553e+00 4.189654e-04 0.000000e+00 3.730526e-31 3.982210e-01
   5.740000e-01       7.0044743678    1.068074e+00 3.951753e-04 0.000000e+00 3.274081e-31 4.404935e-01
   5.750000e-01       7.0120897838    1.029578e+00 3.787835e-04 0.000000e+00 2.526820e-31 4.703217e-01
   5.760000e-01       7.0192264957    1.011438e+00 3.720800e-04 0.000000e+00 1.787263e-31 4.841255e-01
   5.770000e-01       7.0261290256    1.015742e+00 3.762718e-04 0.000000e+00 1.486818e-31 4.801071e-01
   5.780000e-01       7.0330752161    1.041990e+00 3.913149e-04 0.000000e+00 1.332744e-31 4.585166e-01
   5.790000e-01       7.0403445600    1.087086e+00 4.158889e-04 0.000000e+00 1.252336e-31 4.216829e-01
   5.800000e-01       7.0481848844    1.145641e+00 4.475235e-04 0.000000e+00 1.147854e-31 3.737989e-01
   5.810000e-01       7.0567813374    1.210559e+00 4.828658e-04 0.000000e+00 7.780757e-32 3.204729e-01
   5.820000e-01       7.0662315888    1.273851e+00 5.180621e-04 0.000000e+00 8.170758e-32 2.680914e-01
   5.830000e-01       7.0765306264    1.327584e+00 5.492133e-04 0.000000e+00 1.001965e-31 2.230634e-01
   5.840000e-01       7.0875675448    1.364854e+00 5.728521e-04 0.000000e+00 1.263410e-31 1.910329e-01
   5.850000e-01       7.0991353617    1.380667e+00 5.863821e-04 0.000000e+00 1.055410e-31 1.761576e-01
   5.860000e-01       7.1109533171    1.372606e+00 5.884240e-04 0.000000e+00 1.225373e-31 1.805474e-01
   5.870000e-01       7.1226994830    1.341197e+00 5.790172e-04 0.000000e+00 1.556151e-31 2.039390e-01
   5.880000e-01       7.1340500621    1.289917e+00 5.596474e-04 0.000000e+00 1.509929e-31 2.436621e-01
   5.890000e-01       7.1447206677    1.224821e+00 5.330883e-04 0.000000e+00 1.396299e-31 2.949102e-01
   5.900000e-01       7.1545043372    1.153829e+00 5.030737e-04 0.000000e+00 1.879708e-31 3.512985e-01
   5.910000e-01       7.1633011504    1.085750e+00 4.738362e-04 0.000000e+00 1.232595e-31 4.056452e-01
   5.920000e-01       7.1711351200    1.029153e+00 4.495682e-04 0.000000e+00 1.055410e-31 4.508862e-01
   5.930000e-01       7.1781554656    9.912428e-01 4.338741e-04 0.000000e+00 1.641645e-31 4.810067e-01
   5.940000e-01       7.1846212987    9.768726e-01 4.292820e-04 0.000000e+00 2.002967e-31 4.918662e-01
   5.950000e-01       7.1908709293    9.878455e-01 4.368852e-04 0.000000e+00 2.010671e-31 4.818030e-01
   5.960000e-01       7.1972791642    1.022600e+00 4.561630e-04 0.000000e+00 2.904302e-31 4.519252e-01
   5.970000e-01       7.2042078075    1.076344e+00 4.850172e-04 0.000000e+00 1.702522e-31 4.060382e-01
   5.980000e-01       7.2119558114    1.141625e+00 5.200242e-04 0.000000e+00 1.742967e-31 3.501996e-01
   5.990000e-01       7.2207159480    1.209296e+00 5.568781e-04 0.000000e+00 1.625605e-31 2.919502e-01
   6.000000e-01       7.2305443569    1.269729e+00 5.909680e-04 0.000000e+00 1.735263e-31 2.393133e-01
   6.010000e-01       7.2413478774    1.314144e+00 6.180113e-04 0.000000e+00 2.128153e-31 1.996918e-01
   6.020000e-01       7.2528918373    1.335851e+00 6.346566e-04 0.000000e+00 1.827708e-31 1.788152e-01
   6.030000e-01       7.2648282027    1.331240e+00 6.389701e-04 0.000000e+00 1.810495e-31 1.798872e-01
   6.040000e-01       7.2767410698    1.300362e+00 6.307345e-04 0.000000e+00 1.974078e-31 2.030637e-01
   6.050000e-01       7.2882037999    1.247000e+00 6.115119e-04 0.000000e+00 2.010671e-31 2.453502e-01
   6.060000e-01       7.2988400872    1.178214e+00 5.844532e-04 0.000000e+00 1.642818e-31 3.009494e-01
   6.070000e-01       7.3083802423    1.103387e+00 5.538743e-04 0.000000e+00 3.266377e-31 3.620277e-01
   6.080000e-01       7.3167041919    1.032919e+00 5.246486e-04 0.000000e+00 2.788747e-31 4.198045e-01
   6.090000e-01       7.3238641975    9.767182e-01 5.015026e-04 0.000000e+00 2.867710e-31 4.658163e-01
   6.100000e-01       7.3300829360    9.427370e-01 4.883159e-04 0.000000e+00 4.013638e-31 4.931754e-01
   6.110000e-01       7.3357260517    9.357457e-01 4.875308e-04 0.000000e+00 3.358822e-31 4.976346e-01
   6.120000e-01       7.3412520969    9.565539e-01 4.997658e-04 0.000000e+00 2.034264e-31 4.782898e-01
   6.130000e-01       7.3471463868    1.001804e+00 5.236958e-04 0.000000e+00 1.540744e-31 4.378013e-01
   6.140000e-01       7.3538481049    1.064390e+00 5.562220e-04 0.000000e+00 1.794967e-31 3.820795e-01
   6.150000e-01       7.3616815460    1.134463e+00 5.929154e-04 0.000000e+00 1.633189e-31 3.194644e-01
   6.160000e-01       7.3708023227    1.200879e+00 6.286714e-04 0.000000e+00 1.411707e-31 2.595050e-01
   6.170000e-01       7.3811676055    1.252894e+00 6.584836e-04 0.000000e+00 1.301929e-31 2.115129e-01
   6.180000e-01       7.3925361734    1.281837e+00 6.782202e-04 0.000000e+00 1.925930e-31 1.831088e-01
   6.190000e-01       7.4044996427    1.282505e+00 6.852820e-04 0.000000e+00 1.807756e-31 1.789880e-01
   6.200000e-01       7.4165413599    1.254053e+00 6.790331e-04 0.000000e+00 1.475744e-31 2.001104e-01
   6.210000e-01       7.4281148252    1.200217e+00 6.609285e-04 0.000000e+00 1.879708e-31 2.434583e-01
   6.220000e-01       7.4387299524    1.128805e+00 6.343096e-04 0.000000e+00 2.110819e-31 3.024228e-01
   6.230000e-01       7.4480335883    1.050537e+00 6.038921e-04 0.000000e+00 1.972273e-31 3.677785e-01
   6.240000e-01       7.4558709509    9.773680e-01 5.750247e-04 0.000000e+00 1.633189e-31 4.291109e-01
   6.250000e-01       7.4623170895    9.205835e-01 5.528334e-04 0.000000e+00 1.263410e-31 4.764794e-01
   6.260000e-01       7.4676718525    8.889422e-01 5.413869e-04 0.000000e+00 5.551493e-32 5.020522e-01
   6.270000e-01       7.4724175765    8.871943e-01 5.430208e-04 0.000000e+00 4.930381e-32 5.014415e-01
   6.280000e-01       7.4771448854    9.152210e-01 5.579332e-04 0.000000e+00 2.792598e-32 4.745077e-01
   6.290000e-01       7.4824576173    9.679617e-01 5.841256e-04 0.000000e+00 1.251854e-32 4.254794e-01
   6.300000e-01       7.4888719691    1.036166e+00 6.177096e-04 0.000000e+00 3.158525e-32 3.623437e-01
   6.310000e-01       7.4967266831    1.107867e+00 6.535373e-04 0.000000e+00 4.468157e-32 2.955876e-01
   6.320000e-01       7.5061200462    1.170353e+00 6.860572e-04 0.000000e+00 1.309632e-32 2.364783e-01
   6.330000e-01       7.5168856451    1.212308e+00 7.102512e-04 0.000000e+00 8.666685e-33 1.951638e-01
   6.340000e-01       7.5286127105    1.225771e+00 7.224946e-04 0.000000e+00 7.703720e-33 1.789112e-01
   6.350000e-01       7.5407094237    1.207564e+00 7.211870e-04 0.000000e+00 1.540744e-32 1.907947e-01
   6.360000e-01       7.5524999754    1.159924e+00 7.070419e-04 0.000000e+00 3.116471e-32 2.290730e-01
   6.370000e-01       7.5633397973    1.090209e+00 6.829809e-04 0.000000e+00 5.546678e-32 2.873910e-01
   6.380000e-01       7.5727294305    1.009708e+00 6.536428e-04 0.000000e+00 6.548162e-32 3.557945e-01
   6.390000e-01       7.5804068109    9.317192e-01 6.245870e-04 0.000000e+00 9.409371e-32 4.224077e-01
   6.400000e-01       7.5864006496    8.692448e-01 6.013235e-04 0.000000e+00 5.238529e-32 4.754939e-01
   6.410000e-01       7.5910337581    8.326749e-01 5.883368e-04 0.000000e+00 7.472608e-32 5.055471e-01
   6.420000e-01       7.5948736805    8.278913e-01 5.882793e-04 0.000000e+00 9.263723e-32 5.070366e-01
   6.430000e-01       7.5986374350    8.551383e-01 6.014830e-04 0.000000e+00 1.117039e-31 4.794807e-01
   6.440000e-01       7.6030658486    9.088872e-01 6.258875e-04 0.000000e+00 7.260756e-32 4.276338e-01
   6.450000e-01       7.6087892500    9.787456e-01 6.574007e-04 0.000000e+00 8.016683e-32 3.607237e-01
   6.460000e-01       7.6162088688    1.051274e+00 6.906344e-04 0.000000e+00 9.860761e-32 2.908525e-01
   6.470000e-01       7.6254164724    1.112402e+00 7.198816e-04 0.000000e+00 1.124743e-31 2.308287e-01
   6.480000e-01       7.6361686614    1.150005e+00 7.401594e-04 0.000000e+00 1.360188e-31 1.918163e-01
   6.490000e-01       7.6479227413    1.156183e+00 7.481270e-04 0.000000e+00 2.128153e-31 1.812332e-01
   6.500000e-01       7.6599298085    1.128791e+00 7.427083e-04 0.000000e+00 2.904302e-31 2.012987e-01
   6.510000e-01       7.6713696813    1.071929e+00 7.252996e-04 0.000000e+00 3.428155e-31 2.485244e-01
   6.520000e-01       7.6815036880    9.952557e-01 6.995160e-04 0.000000e+00 3.132044e-31 3.142692e-01
   6.530000e-01       7.6898168804    9.122540e-01 6.705163e-04 0.000000e+00 3.081488e-31 3.862848e-01
   6.540000e-01       7.6961220597    8.377205e-01 6.440286e-04 0.000000e+00 2.850376e-31 4.509830e-01
   6.550000e-01       7.7006041931    7.849651e-01 6.252592e-04 0.000000e+00 2.960154e-31 4.960109e-01
   6.560000e-01       7.7037944537    7.632398e-01 6.178975e-04 0.000000e+00 3.674674e-31 5.126444e-01
   6.570000e-01       7.7064763690    7.759038e-01 6.234085e-04 0.000000e+00 2.442079e-31 4.975316e-01
   6.580000e-01       7.7095399509    8.196961e-01 6.407541e-04 0.000000e+00 2.174375e-31 4.534309e-01
   6.590000e-01       7.7138105499    8.852840e-01 6.665975e-04 0.000000e+00 3.358822e-31 3.887697e-01
   6.600000e-01       7.7198852593    9.590098e-01 6.959536e-04 0.000000e+00 3.921193e-31 3.160840e-01
   6.610000e-01       7.7280095077    1.025517e+00 7.231616e-04 0.000000e+00 4.843834e-31 2.496153e-01
   6.620000e-01       7.7380197730    1.070758e+00 7.429948e-04 0.000000e+00 4.670380e-31 2.025220e-01
   6.630000e-01       7.7493661270    1.084791e+00 7.516888e-04 0.000000e+00 5.078677e-31 1.842512e-01
   6.640000e-01       7.7612128001    1.063807e+00 7.476843e-04 0.000000e+00 4.452750e-31 1.986011e-01
   6.650000e-01       7.7725991187    1.010959e+00 7.319305e-04 0.000000e+00 4.692047e-31 2.428801e-01
   6.660000e-01       7.7826302389    9.358100e-01 7.076849e-04 0.000000e+00 4.670380e-31 3.083583e-01
   6.670000e-01       7.7906598722    8.524725e-01 6.798452e-04 0.000000e+00 4.445046e-31 3.819503e-01
   6.680000e-01       7.7964274196    7.767999e-01 6.539514e-04 0.000000e+00 4.221638e-31 4.488141e-01
   6.690000e-01       7.8001199176    7.231803e-01 6.350607e-04 0.000000e+00 3.900008e-31 4.953540e-01
   6.700000e-01       7.8023436419    7.015844e-01 6.267248e-04 0.000000e+00 4.352602e-31 5.120205e-01
   6.710000e-01       7.8040084081    7.154774e-01 6.302780e-04 0.000000e+00 5.289085e-31 4.953233e-01
   6.720000e-01       7.8061458986    7.610456e-01 6.445805e-04 0.000000e+00 5.700753e-31 4.486247e-01
   6.730000e-01       7.8096979021    8.279204e-01 6.662692e-04 0.000000e+00 6.301643e-31 3.815209e-01
   6.740000e-01       7.8153179241    9.012748e-01 6.904677e-04 0.000000e+00 4.060342e-31 3.079144e-01
   6.750000e-01       7.8232283064    9.648799e-01 7.118098e-04 0.000000e+00 4.938084e-31 2.431535e-01
   6.760000e-01       7.8331646758    1.004493e+00 7.255638e-04 0.000000e+00 4.468157e-31 2.008254e-01
   6.770000e-01       7.8444220431    1.010869e+00 7.286177e-04 0.000000e+00 4.670380e-31 1.898742e-01
   6.780000e-01       7.8559956527    9.817488e-01 7.201160e-04 0.000000e+00 5.073381e-31 2.126622e-01
   6.790000e-01       7.8667891491    9.223921e-01 7.016128e-04 0.000000e+00 4.156638e-31 2.644058e-01
   6.800000e-01       7.8758472599    8.445072e-01 6.767124e-04 0.000000e+00 3.921193e-31 3.341310e-01
   6.810000e-01       7.8825635334    7.637940e-01 6.502772e-04 0.000000e+00 3.129636e-31 4.069686e-01
   6.820000e-01       7.8868175246    6.966025e-01 6.273781e-04 0.000000e+00 2.811858e-31 4.673185e-01
   6.830000e-01       7.8890097654    6.564176e-01 6.122104e-04 0.000000e+00 3.458970e-31 5.022093e-01
   6.840000e-01       7.8899842168    6.509298e-01 6.072064e-04 0.000000e+00 3.900008e-31 5.041279e-01
   6.850000e-01       7.8908522623    6.803385e-01 6.125361e-04 0.000000e+00 3.574526e-31 4.726926e-01
   6.860000e-01       7.8927543839    7.372717e-01 6.261010e-04 0.000000e+00 3.482081e-31 4.147850e-01
   6.870000e-01       7.8966104784    8.083639e-01 6.440240e-04 0.000000e+00 5.733493e-31 3.430909e-01
   6.880000e-01       7.9029137497    8.771616e-01 6.615243e-04 0.000000e+00 5.856753e-31 2.733476e-01
   6.890000e-01       7.9116149688    9.277327e-01 6.739809e-04 0.000000e+00 5.546678e-31 2.208908e-01
   6.900000e-01       7.9221250198    9.481877e-01 6.779450e-04 0.000000e+00 4.608750e-31 1.972580e-01
   6.910000e-01       7.9334379155    9.333273e-01 6.718768e-04 0.000000e+00 4.393046e-31 2.076071e-01
   6.920000e-01       7.9443494497    8.858189e-01 6.564477e-04 0.000000e+00 4.726714e-31 2.495378e-01
   6.930000e-01       7.9537244296    8.156208e-01 6.343483e-04 0.000000e+00 3.851860e-31 3.135957e-01
   6.940000e-01       7.9607532196    7.377691e-01 6.096530e-04 0.000000e+00 3.776749e-31 3.853670e-01
   6.950000e-01       7.9651392494    6.690092e-01 5.868878e-04 0.000000e+00 4.722380e-31 4.487060e-01
   6.960000e-01       7.9671734063    6.240235e-01 5.700114e-04 0.000000e+00 5.585197e-31 4.893767e-01
   6.970000e-01       7.9676759989    6.121090e-01 5.615384e-04 0.000000e+00 6.935274e-31 4.982843e-01
   6.980000e-01       7.9678168744    6.350632e-01 5.620033e-04 0.000000e+00 7.243423e-31 4.735547e-01
   6.990000e-01       7.9688525402    6.867709e-01 5.698834e-04 0.000000e+00 6.478828e-31 4.209770e-01
   7.000000e-01       7.9718391898    7.545989e-01 5.819941e-04 0.000000e+00 6.629532e-31 3.526911e-01
   7.010000e-01       7.9773874410    8.222914e-01 5.942553e-04 0.000000e+00 5.255863e-31 2.844099e-01
   7.020000e-01       7.9855163860    8.737065e-01 6.026461e-04 0.000000e+00 5.924161e-31 2.318050e-01
   7.030000e-01       7.9956426834    8.965377e-01 6.041218e-04 0.000000e+00 5.053640e-31 2.068877e-01
   7.040000e-01       8.0067096610    8.851550e-01 5.972852e-04 0.000000e+00 6.548162e-31 2.152257e-01
   7.050000e-01       8.0174287073    8.419016e-01 5.826647e-04 0.000000e+00 7.210682e-31 2.546506e-01
   7.060000e-01       8.0265782848    7.765355e-01 5.625440e-04 0.000000e+00 8.882389e-31 3.157661e-01
   7.070000e-01       8.0332912218    7.039374e-01 5.403916e-04 0.000000e+00 1.160373e-30 3.841500e-01
   7.080000e-01       8.0372623334    6.406164e-01 5.200270e-04 0.000000e+00 1.147132e-30 4.437404e-01
   7.090000e-01       8.0388259815    6.008295e-01 5.047231e-04 0.000000e+00 9.437057e-31 4.806137e-01
   7.100000e-01       8.0388831256    5.932313e-01 4.964571e-04 0.000000e+00 8.676314e-31 4.862639e-01
   7.110000e-01       8.0386928916    6.188462e-01 4.954854e-04 0.000000e+00 7.457201e-31 4.596031e-01
   7.120000e-01       8.0395763319    6.708505e-01 5.003375e-04 0.000000e+00 7.249200e-31 4.072024e-01
   7.130000e-01       8.0426019405    7.362203e-01 5.082175e-04 0.000000e+00 7.166385e-31 3.417102e-01
   7.140000e-01       8.0483280960    7.988553e-01 5.157070e-04 0.000000e+00 5.787419e-31 2.788183e-01
   7.150000e-01       8.0566651955    8.434367e-01 5.195915e-04 0.000000e+00 7.310830e-31 2.335008e-01
   7.160000e-01       8.0668923962    8.590921e-01 5.176145e-04 0.000000e+00 7.798090e-31 2.164251e-01
   7.170000e-01       8.0778270242    8.419865e-01 5.089826e-04 0.000000e+00 7.919424e-31 2.314030e-01
   7.180000e-01       8.0881076032    7.962124e-01 4.945100e-04 0.000000e+00 7.341645e-31 2.744971e-01
   7.190000e-01       8.0965231640    7.327615e-01 4.763757e-04 0.000000e+00 6.663718e-31 3.350045e-01
   7.200000e-01       8.1023091262    6.668267e-01 4.575586e-04 0.000000e+00 5.949198e-31 3.980803e-01
   7.210000e-01       8.1053369831    6.140880e-01 4.410953e-04 0.000000e+00 4.747417e-31 4.483654e-01
   7.220000e-01       8.1061499634    5.868897e-01 4.293447e-04 0.000000e+00 4.498972e-31 4.737334e-01
   7.230000e-01       8.1058340191    5.912426e-01 4.234421e-04 0.000000e+00 4.855269e-31 4.682391e-01
   7.240000e-01       8.1057539616    6.253874e-01 4.230695e-04 0.000000e+00 5.585197e-31 4.335455e-01
   7.250000e-01       8.1072183666    6.802719e-01 4.265877e-04 0.000000e+00 6.039716e-31 3.784755e-01
   7.260000e-01       8.1111554681    7.418242e-01 4.314842e-04 0.000000e+00 6.226532e-31 3.167992e-01
   7.270000e-01       8.1178807119    7.944593e-01 4.350161e-04 0.000000e+00 6.981496e-31 2.638035e-01
   7.280000e-01       8.1270149337    8.249482e-01 4.348872e-04 0.000000e+00 8.268017e-31 2.324949e-01
   7.290000e-01       8.1375752934    8.256880e-01 4.297948e-04 0.000000e+00 7.526534e-31 2.303801e-01
   7.300000e-01       8.1482180957    7.965582e-01 4.197153e-04 0.000000e+00 7.118719e-31 2.576277e-01
   7.310000e-01       8.1575741516    7.449000e-01 4.058655e-04 0.000000e+00 7.798090e-31 3.070697e-01
   7.320000e-01       8.1645931953    6.836255e-01 3.903569e-04 0.000000e+00 6.232309e-31 3.660432e-01
   7.330000e-01       8.1688104450    6.279357e-01 3.756357e-04 0.000000e+00 7.310830e-31 4.196066e-01
   7.340000e-01       8.1704669589    5.914751e-01 3.638606e-04 0.000000e+00 7.366682e-31 4.543193e-01
   7.350000e-01       8.1704516837    5.828953e-01 3.563749e-04 0.000000e+00 7.125941e-31 4.616290e-01
   7.360000e-01       8.1700781101    6.037004e-01 3.534056e-04 0.000000e+00 7.936757e-31 4.400070e-01
   7.370000e-01       8.1707508965    6.479178e-01 3.540527e-04 0.000000e+00 8.337351e-31 3.952896e-01
   7.380000e-01       8.1736067490    7.036754e-01 3.565605e-04 0.000000e+00 7.896313e-31 3.391406e-01
   7.390000e-01       8.1792215589    7.562806e-01 3.587918e-04 0.000000e+00 7.896313e-31 2.860302e-01
   7.400000e-01       8.1874599083    7.920064e-01 3.587812e-04 0.000000e+00 8.004285e-31 2.495063e-01
   7.410000e-01       8.1975072297    8.016110e-01 3.552252e-04 0.000000e+00 7.682535e-31 2.387184e-01
   7.420000e-01       8.2080780623    7.826838e-01 3.477890e-04 0.000000e+00 6.810088e-31 2.560910e-01
   7.430000e-01       8.2177479865    7.402132e-01 3.371537e-04 0.000000e+00 7.341645e-31 2.967465e-01
   7.440000e-01       8.2253239143    6.852335e-01 3.247993e-04 0.000000e+00 6.935274e-31 3.498247e-01
   7.450000e-01       8.2301563282    6.319077e-01 3.125901e-04 0.000000e+00 6.386384e-31 4.013520e-01
   7.460000e-01       8.2323111018    5.938102e-01 3.022767e-04 0.000000e+00 6.224606e-31 4.379095e-01
   7.470000e-01       8.2325544684    5.803849e-01 2.950511e-04 0.000000e+00 3.851860e-31 4.501372e-01
   7.480000e-01       8.2321534256    5.945076e-01 2.912645e-04 0.000000e+00 4.930381e-31 4.351558e-01
   7.490000e-01       8.2325427137    6.317893e-01 2.903757e-04 0.000000e+00 5.409937e-31 3.972700e-01
   7.500000e-01       8.2349454954    6.818001e-01 2.911297e-04 0.000000e+00 6.519273e-31 3.467724e-01
   7.510000e-01       8.2400481818    7.308825e-01 2.919137e-04 0.000000e+00 8.512610e-31 2.971703e-01
   7.520000e-01       8.2478165412    7.658025e-01 2.911927e-04 0.000000e+00 8.268017e-31 2.615747e-01
   7.530000e-01       8.2575033965    7.772628e-01 2.879087e-04 0.000000e+00 9.413494e-31 2.492174e-01
   7.540000e-01       8.2678473595    7.623429e-01 2.817392e-04 0.000000e+00 9.121204e-31 2.630248e-01
   7.550000e-01       8.2774106484    7.252161e-01 2.731490e-04 0.000000e+00 7.349349e-31 2.988947e-01
   7.560000e-01       8.2849659620    6.759587e-01 2.632301e-04 0.000000e+00 7.197200e-31 3.468645e-01
   7.570000e-01       8.2898281901    6.277821e-01 2.533805e-04 0.000000e+00 9.662391e-31 3.938474e-01
   7.580000e-01       8.2920406593    5.934400e-01 2.449179e-04 0.000000e+00 1.066965e-30 4.271922e-01
   7.590000e-01       8.2923643001    5.817882e-01 2.387350e-04 0.000000e+00 1.124743e-30 4.380989e-01
   7.600000e-01       8.2920713839    5.954289e-01 2.350846e-04 0.000000e+00 1.340640e-30 4.239631e-01
   7.610000e-01       8.2925989425    6.300741e-01 2.335442e-04 0.000000e+00 1.667855e-30 3.890169e-01
   7.620000e-01       8.2951559546    6.757921e-01 2.331617e-04 0.000000e+00 1.653411e-30 3.431005e-01
   7.630000e-01       8.3003919222    7.197841e-01 2.327357e-04 0.000000e+00 1.485277e-30 2.989108e-01
   7.640000e-01       8.3082184501    7.499211e-01 2.311511e-04 0.000000e+00 1.436744e-30 2.684917e-01
   7.650000e-01       8.3178339221    7.580646e-01 2.276785e-04 0.000000e+00 1.312136e-30 2.599338e-01
   7.660000e-01       8.3279454969    7.422556e-01 2.221536e-04 0.000000e+00 1.359707e-30 2.751951e-01
   7.670000e-01       8.3371277987    7.071779e-01 2.149928e-04 0.000000e+00 1.283440e-30 3.096346e-01
   7.680000e-01       8.3442191633    6.627782e-01 2.070480e-04 0.000000e+00 1.751056e-30 3.533784e-01
   7.690000e-01       8.3486450920    6.214394e-01 1.993497e-04 0.000000e+00 1.792078e-30 3.941237e-01
   7.700000e-01       8.3505781561    5.945062e-01 1.928162e-04 0.000000e+00 1.951352e-30 4.205917e-01
   7.710000e-01       8.3508888520    5.891367e-01 1.880109e-04 0.000000e+00 1.899737e-30 4.256577e-01
   7.720000e-01       8.3509003843    6.063567e-01 1.850087e-04 0.000000e+00 1.630877e-30 4.082882e-01
   7.730000e-01       8.3520157107    6.408549e-01 1.834017e-04 0.000000e+00 1.354507e-30 3.737491e-01
   7.740000e-01       8.3553217023    6.825599e-01 1.824367e-04 0.000000e+00 1.452151e-30 3.320418e-01
   7.750000e-01       8.3612823988    7.195400e-01 1.812413e-04 0.000000e+00 1.232788e-30 2.950228e-01
   7.760000e-01       8.3696087032    7.413956e-01 1.790736e-04 0.000000e+00 1.239529e-30 2.730310e-01
   7.770000e-01       8.3793421491    7.421795e-01 1.755231e-04 0.000000e+00 1.405351e-30 2.719837e-01
   7.780000e-01       8.3891295036    7.220196e-01 1.706073e-04 0.000000e+00 1.486818e-30 2.917597e-01
   7.790000e-01       8.3976102552    6.869939e-01 1.647409e-04 0.000000e+00 1.741041e-30 3.263196e-01
   7.800000e-01       8.4038062368    6.473114e-01 1.585949e-04 0.000000e+00 1.802670e-30 3.655121e-01
   7.810000e-01       8.4074014293    6.143322e-01 1.528929e-04 0.000000e+00 1.716389e-30 3.980357e-01
   7.820000e-01       8.4088310452    5.972945e-01 1.482062e-04 0.000000e+00 1.485277e-30 4.146939e-01
   7.830000e-01       8.4091536759    6.006916e-01 1.448032e-04 0.000000e+00 1.382240e-30 4.110072e-01
   7.840000e-01       8.4097429902    6.230478e-01 1.425916e-04 0.000000e+00 1.036150e-30 3.884340e-01
   7.850000e-01       8.4118880661    6.574346e-01 1.411647e-04 0.000000e+00 9.662391e-31 3.538615e-01
   7.860000e-01       8.4164184897    6.935605e-01 1.399334e-04 0.000000e+00 8.212165e-31 3.175298e-01
   7.870000e-01       8.4234637014    7.208109e-01 1.383049e-04 0.000000e+00 9.930095e-31 2.900081e-01
   7.880000e-01       8.4324173138    7.313434e-01 1.358542e-04 0.000000e+00 8.666685e-31 2.791127e-01
   7.890000e-01       8.4421173039    7.223351e-01 1.324357e-04 0.000000e+00 8.689898e-31 2.876670e-01
   7.900000e-01       8.4511895059    6.967302e-01 1.282077e-04 0.000000e+00 8.235276e-31 3.127519e-01
   7.910000e-01       8.4584533884    6.622856e-01 1.235655e-04 0.000000e+00 9.467872e-31 3.466516e-01
   7.920000e-01       8.4632702027    6.292125e-01 1.190115e-04 0.000000e+00 1.001484e-30 3.791993e-01
   7.930000e-01       8.4657301380    6.071251e-01 1.150036e-04 0.000000e+00 8.352758e-31 4.008160e-01
   7.940000e-01       8.4666225629    6.022066e-01 1.118270e-04 0.000000e+00 8.266091e-31 4.053355e-01
   7.950000e-01       8.4671979042    6.154330e-01 1.095228e-04 0.000000e+00 8.414388e-31 3.917782e-01
   7.960000e-01       8.4687920899    6.423696e-01 1.078904e-04 0.000000e+00 7.659423e-31 3.645588e-01
   7.970000e-01       8.4724260007    6.745854e-01 1.065594e-04 0.000000e+00 6.933348e-31 3.320801e-01
   7.980000e-01       8.4785003335    7.022422e-01 1.051094e-04 0.000000e+00 6.548162e-31 3.041539e-01
   7.990000e-01       8.4866779491    7.170688e-01 1.031970e-04 0.000000e+00 6.509643e-31 2.890347e-01
   8.000000e-01       8.4959893996    7.148206e-01 1.006536e-04 0.000000e+00 8.173647e-31 2.909649e-01
   8.010000e-01       8.5051297609    6.964884e-01 9.752308e-05 0.000000e+00 9.121204e-31 3.089652e-01
   8.020000e-01       8.5128566269    6.679068e-01 9.403285e-05 0.000000e+00 7.920417e-31 3.372222e-01
   8.030000e-01       8.5183680071    6.378996e-01 9.051253e-05 0.000000e+00 9.159723e-31 3.669360e-01
   8.040000e-01       8.5215446879    6.155465e-01 8.728934e-05 0.000000e+00 8.913204e-31 3.890468e-01
   8.050000e-01       8.5229828693    6.074134e-01 8.459223e-05 0.000000e+00 7.908350e-31 3.969998e-01
   8.060000e-01       8.5238071705    6.155951e-01 8.249127e-05 0.000000e+00 8.936315e-31 3.886994e-01
   8.070000e-01       8.5253217337    6.371588e-01 8.088696e-05 0.000000e+00 8.443277e-31 3.670675e-01
   8.080000e-01       8.5286072623    6.651390e-01 7.955056e-05 0.000000e+00 7.896313e-31 3.390514e-01
   8.090000e-01       8.5341887246    6.907574e-01 7.820147e-05 0.000000e+00 7.952165e-31 3.134092e-01
   8.100000e-01       8.5418766793    7.061641e-01 7.659651e-05 0.000000e+00 8.512610e-31 2.979738e-01
   8.110000e-01       8.5508312625    7.068446e-01 7.460210e-05 0.000000e+00 8.807278e-31 2.972493e-01
   8.120000e-01       8.5598284649    6.929515e-01 7.222684e-05 0.000000e+00 8.958584e-31 3.110819e-01
   8.130000e-01       8.5676450772    6.691612e-01 6.960711e-05 0.000000e+00 1.054639e-30 3.348015e-01
   8.140000e-01       8.5734414576    6.431251e-01 6.695480e-05 0.000000e+00 9.629650e-31 3.607679e-01
   8.150000e-01       8.5770219476    6.230184e-01 6.448715e-05 0.000000e+00 7.137526e-31 3.808175e-01
   8.160000e-01       8.5788912989    6.149705e-01 6.236118e-05 0.000000e+00 6.964163e-31 3.888282e-01
   8.170000e-01       8.5800898846    6.211838e-01 6.063107e-05 0.000000e+00 5.978087e-31 3.825978e-01
   8.180000e-01       8.5818604775    6.393236e-01 5.923873e-05 0.000000e+00 5.349301e-31 3.644528e-01
   8.190000e-01       8.5852527747    6.633504e-01 5.803885e-05 0.000000e+00 5.132603e-31 3.404191e-01
   8.200000e-01       8.5907915697    6.855079e-01 5.684972e-05 0.000000e+00 4.714677e-31 3.182372e-01
   8.210000e-01       8.5983140837    6.988170e-01 5.551290e-05 0.000000e+00 6.380606e-31 3.048737e-01
   8.220000e-01       8.6070278188    6.992754e-01 5.394160e-05 0.000000e+00 6.409976e-31 3.043248e-01
   8.230000e-01       8.6157696031    6.870659e-01 5.214202e-05 0.000000e+00 6.301643e-31 3.164097e-01
   8.240000e-01       8.6233819128    6.664046e-01 5.020284e-05 0.000000e+00 6.288161e-31 3.369209e-01
   8.250000e-01       8.6290849059    6.441017e-01 4.825955e-05 0.000000e+00 6.860644e-31 3.590607e-01
   8.260000e-01       8.6327241512    6.273174e-01 4.644818e-05 0.000000e+00 5.893346e-31 3.756805e-01
   8.270000e-01       8.6348144351    6.212516e-01 4.486353e-05 0.000000e+00 4.837936e-31 3.815877e-01
   8.280000e-01       8.6363663144    6.275121e-01 4.353339e-05 0.000000e+00 5.533197e-31 3.751762e-01
   8.290000e-01       8.6385527713    6.436794e-01 4.241465e-05 0.000000e+00 4.884158e-31 3.588622e-01
   8.300000e-01       8.6423253753    6.641856e-01 4.141143e-05 0.000000e+00 3.266377e-31 3.382081e-01
   8.310000e-01       8.6481056518    6.821989e-01 4.040904e-05 0.000000e+00 3.375704e-31 3.200405e-01
   8.320000e-01       8.6556524425    6.918808e-01 3.931250e-05 0.000000e+00 4.144601e-31 3.101961e-01
   8.330000e-01       8.6641479615    6.902698e-01 3.807597e-05 0.000000e+00 3.358822e-31 3.116388e-01
   8.340000e-01       8.6724730682    6.781822e-01 3.671313e-05 0.000000e+00 4.115712e-31 3.235585e-01
   8.350000e-01       8.6795798241    6.598522e-01 3.528663e-05 0.000000e+00 2.621191e-31 3.417290e-01
   8.360000e-01       8.6848374211    6.414544e-01 3.388258e-05 0.000000e+00 3.204747e-31 3.599833e-01
   8.370000e-01       8.6882367840    6.290181e-01 3.258080e-05 0.000000e+00 2.873487e-31 3.722976e-01
   8.380000e-01       8.6903865881    6.264376e-01 3.143051e-05 0.000000e+00 4.229342e-31 3.747803e-01
   8.390000e-01       8.6923033137    6.342355e-01 3.043769e-05 0.000000e+00 4.845640e-31 3.669082e-01
   8.400000e-01       8.6950668992    6.494763e-01 2.956644e-05 0.000000e+00 5.209640e-31 3.516141e-01
   8.410000e-01       8.6994583770    6.668357e-01 2.875324e-05 0.000000e+00 5.805987e-31 3.342184e-01
   8.420000e-01       8.7057014487    6.804416e-01 2.792961e-05 0.000000e+00 4.198527e-31 3.205892e-01
   8.430000e-01       8.7133943452    6.858556e-01 2.704536e-05 0.000000e+00 3.605341e-31 3.151615e-01
   8.440000e-01       8.7216535708    6.815235e-01 2.608410e-05 0.000000e+00 4.714677e-31 3.194875e-01
   8.450000e-01       8.7294192015    6.692190e-01 2.506534e-05 0.000000e+00 5.330974e-31 3.317923e-01
   8.460000e-01       8.7358167893    6.533532e-01 2.403380e-05 0.000000e+00 5.577493e-31 3.476647e-01
   8.470000e-01       8.7404522280    6.394085e-01 2.304139e-05 0.000000e+00 6.139865e-31 3.616225e-01
   8.480000e-01       8.7435395464    6.320496e-01 2.212959e-05 0.000000e+00 5.238529e-31 3.690009e-01
   8.490000e-01       8.7458193750    6.335609e-01 2.131748e-05 0.000000e+00 5.053640e-31 3.675141e-01
   8.500000e-01       8.7482979029    6.431360e-01 2.059797e-05 0.000000e+00 5.841346e-31 3.579656e-01
   8.510000e-01       8.7518976668    6.572420e-01 1.994203e-05 0.000000e+00 5.209640e-31 3.438841e-01
   8.520000e-01       8.7571412818    6.709073e-01 1.930959e-05 0.000000e+00 5.061344e-31 3.302362e-01
   8.530000e-01       8.7639769971    6.794694e-01 1.866360e-05 0.000000e+00 3.830675e-31 3.216803e-01
   8.540000e-01       8.7718050688    6.801678e-01 1.798265e-05 0.000000e+00 4.332721e-31 3.209741e-01
   8.550000e-01       8.7796937972    6.730384e-01 1.726706e-05 0.000000e+00 4.506676e-31 3.280809e-01
   8.560000e-01       8.7867081734    6.608157e-01 1.653630e-05 0.000000e+00 4.329491e-31 3.402679e-01
   8.570000e-01       8.7922354004    6.479029e-01 1.581959e-05 0.000000e+00 4.115712e-31 3.531345e-01
   8.580000e-01       8.7961935672    6.387915e-01 1.514438e-05 0.000000e+00 4.814825e-31 3.621921e-01
   8.590000e-01       8.7990516370    6.364957e-01 1.452750e-05 0.000000e+00 3.736304e-31 3.644285e-01
   8.600000e-01       8.8016558025    6.415476e-01 1.397116e-05 0.000000e+00 3.851860e-31 3.593127e-01
   8.610000e-01       8.8049255108    6.518905e-01 1.346379e-05 0.000000e+00 2.913932e-31 3.489018e-01
   8.620000e-01       8.8095279311    6.636840e-01 1.298475e-05 0.000000e+00 2.503709e-31 3.370364e-01
   8.630000e-01       8.8156462994    6.727116e-01 1.251156e-05 0.000000e+00 2.234079e-31 3.279338e-01
   8.640000e-01       8.8229232043    6.758796e-01 1.202763e-05 0.000000e+00 2.438709e-31 3.246896e-01
   8.650000e-01       8.8305968773    6.722727e-01 1.152780e-05 0.000000e+00 2.811858e-31 3.282215e-01
   8.660000e-01       8.8377795335    6.634064e-01 1.101915e-05 0.000000e+00 2.603857e-31 3.370173e-01
   8.670000e-01       8.8437765151    6.526072e-01 1.051678e-05 0.000000e+00 2.169447e-31 3.477530e-01
   8.680000e-01       8.8483313843    6.437687e-01 1.003691e-05 0.000000e+00 1.997189e-31 3.565375e-01
   8.690000e-01       8.8517099144    6.399439e-01 9.590842e-06 0.000000e+00 2.842673e-31 3.603190e-01
   8.700000e-01       8.8545948890    6.422835e-01 9.181910e-06 0.000000e+00 2.126347e-31 3.579471e-01
   8.710000e-01       8.8578322552    6.496916e-01 8.805676e-06 0.000000e+00 1.733337e-31 3.505177e-01
   8.720000e-01       8.8621225274    6.592985e-01 8.452212e-06 0.000000e+00 1.371262e-31 3.408995e-01
   8.730000e-01       8.8677701190    6.675582e-01 8.109533e-06 0.000000e+00 1.514262e-31 3.326379e-01
   8.740000e-01       8.8745808627    6.715514e-01 7.767513e-06 0.000000e+00 1.386670e-31 3.286508e-01
   8.750000e-01       8.8819428430    6.700183e-01 7.421327e-06 0.000000e+00 1.332744e-31 3.301965e-01
   8.760000e-01       8.8890582228    6.637525e-01 7.072931e-06 0.000000e+00 1.665929e-31 3.364797e-01
   8.770000e-01       8.8952388477    6.552355e-01 6.729617e-06 0.000000e+00 1.465633e-31 3.450175e-01
   8.780000e-01       8.9001561508    6.476681e-01 6.400291e-06 0.000000e+00 2.041486e-31 3.526075e-01
   8.790000e-01       8.9039541838    6.437740e-01 6.091565e-06 0.000000e+00 1.301929e-31 3.565248e-01
   8.800000e-01       8.9071863626    6.448213e-01 5.805627e-06 0.000000e+00 1.113213e-31 3.554994e-01
   8.810000e-01       8.9106022594    6.502146e-01 5.540387e-06 0.000000e+00 2.164745e-31 3.501255e-01
   8.820000e-01       8.9148659667    6.577869e-01 5.290952e-06 0.000000e+00 1.864300e-31 3.425683e-01
   8.830000e-01       8.9203117714    6.646601e-01 5.051396e-06 0.000000e+00 2.496487e-31 3.357043e-01
   8.840000e-01       8.9268273868    6.683367e-01 4.816436e-06 0.000000e+00 2.875413e-31 3.320301e-01
   8.850000e-01       8.9339059955    6.676072e-01 4.583001e-06 0.000000e+00 2.904302e-31 3.327544e-01
   8.860000e-01       8.9408445626    6.629459e-01 4.351283e-06 0.000000e+00 2.621191e-31 3.374032e-01
   8.870000e-01       8.9470113950    6.562638e-01 4.124497e-06 0.000000e+00 3.705489e-31 3.440663e-01
   8.880000e-01       8.9520811609    6.501360e-01 3.907162e-06 0.000000e+00 4.930381e-31 3.501697e-01
   8.890000e-01       8.9561495312    6.468124e-01 3.702791e-06 0.000000e+00 5.949198e-31 3.534648e-01
   8.900000e-01       8.9596865520    6.473897e-01 3.512440e-06 0.000000e+00 5.394530e-31 3.528562e-01
   8.910000e-01       8.9633495996    6.514508e-01 3.334776e-06 0.000000e+00 6.856311e-31 3.487620e-01
   8.920000e-01       8.9677296789    6.572893e-01 3.167169e-06 0.000000e+00 5.808605e-31 3.428899e-01
   8.930000e-01       8.9731288487    6.626102e-01 3.006793e-06 0.000000e+00 5.618147e-31 3.375361e-01
   8.940000e-01       8.9794529037    6.654239e-01 2.851274e-06 0.000000e+00 8.021498e-31 3.346914e-01
   8.950000e-01       8.9862578290    6.647858e-01 2.699126e-06 0.000000e+00 8.974834e-31 3.353019e-01
   8.960000e-01       8.9929289100    6.611067e-01 2.550165e-06 0.000000e+00 9.446686e-31 3.389577e-01
   8.970000e-01       8.9989208593    6.559335e-01 2.405643e-06 0.000000e+00 8.666685e-31 3.441129e-01
   8.980000e-01       9.0039652595    6.513060e-01 2.267634e-06 0.000000e+00 9.429353e-31 3.487280e-01
   8.990000e-01       9.0081661216    6.489545e-01 2.137864e-06 0.000000e+00 1.048476e-30 3.510728e-01
   9.000000e-01       9.0119492540    6.496525e-01 2.016753e-06 0.000000e+00 1.020165e-30 3.503735e-01
   9.010000e-01       9.0158885081    6.529670e-01 1.903380e-06 0.000000e+00 1.117039e-30 3.470628e-01
   9.020000e-01       9.0204792939    6.574844e-01 1.796227e-06 0.000000e+00 1.066195e-30 3.425535e-01
   9.030000e-01       9.0259487378    6.614045e-01 1.693949e-06 0.000000e+00 1.060429e-30 3.386447e-01
   9.040000e-01       9.0321755551    6.632551e-01 1.595652e-06 0.000000e+00 1.026135e-30 3.368077e-01
   9.050000e-01       9.0387481321    6.624442e-01 1.500812e-06 0.000000e+00 1.066965e-30 3.376333e-01
   9.060000e-01       9.0451344789    6.594435e-01 1.409273e-06 0.000000e+00 1.242526e-30 3.406488e-01
   9.070000e-01       9.0508943991    6.555481e-01 1.321381e-06 0.000000e+00 1.172699e-30 3.445577e-01
   9.080000e-01       9.0558492948    6.523285e-01 1.237921e-06 0.000000e+00 1.020743e-30 3.477890e-01
   9.090000e-01       9.0601438373    6.510014e-01 1.159630e-06 0.000000e+00 1.131676e-30 3.491250e-01
   9.100000e-01       9.0641781598    6.519737e-01 1.086641e-06 0.000000e+00 1.066965e-30 3.481585e-01
   9.110000e-01       9.0684410937    6.547274e-01 1.018359e-06 0.000000e+00 1.400536e-30 3.454071e-01
   9.120000e-01       9.0733134822    6.580752e-01 9.538861e-07 0.000000e+00 1.452151e-30 3.420580e-01
   9.130000e-01       9.0789206753    6.606658e-01 8.925546e-07 0.000000e+00 1.547100e-30 3.394626e-01
   9.140000e-01       9.0850915366    6.615267e-01 8.340879e-07 0.000000e+00 1.400536e-30 3.385937e-01
   9.150000e-01       9.0914371105    6.604266e-01 7.783967e-07 0.000000e+00 1.510699e-30 3.396832e-01
   9.160000e-01       9.0975137655    6.579231e-01 7.253947e-07 0.000000e+00 1.491452e-30 3.421741e-01
   9.170000e-01       9.1030027031    6.550946e-01 6.750623e-07 0.000000e+00 1.394373e-30 3.449889e-01
   9.180000e-01       9.1078331256    6.530796e-01 6.275698e-07 0.000000e+00 1.341218e-30 3.469901e-01
   9.190000e-01       9.1122012582    6.526194e-01 5.831714e-07 0.000000e+00 1.353568e-30 3.474369e-01
   9.200000e-01       9.1164809928    6.537869e-01 5.419055e-07 0.000000e+00 1.232788e-30 3.462571e-01
   9.210000e-01       9.1210659807    6.560005e-01 5.034410e-07 0.000000e+00 1.248003e-30 3.440331e-01
   9.220000e-01       9.1262095925    6.582990e-01 4.672701e-07 0.000000e+00 1.251277e-30 3.417264e-01
   9.230000e-01       9.1319278909    6.597533e-01 4.330441e-07 0.000000e+00 1.060802e-30 3.402663e-01
   9.240000e-01       9.1380029092    6.598387e-01 4.006972e-07 0.000000e+00 1.425188e-30 3.401778e-01
   9.250000e-01       9.1440812532    6.586193e-01 3.702772e-07 0.000000e+00 1.442136e-30 3.413968e-01
   9.260000e-01       9.1498241461    6.566821e-01 3.417419e-07 0.000000e+00 1.204140e-30 3.433359e-01
   9.270000e-01       9.1550454289    6.548631e-01 3.149657e-07 0.000000e+00 1.372032e-30 3.451587e-01
   9.280000e-01       9.1597812453    6.538901e-01 2.898893e-07 0.000000e+00 1.291336e-30 3.461371e-01
   9.290000e-01       9.1642653675    6.540941e-01 2.665643e-07 0.000000e+00 1.377088e-30 3.459395e-01
   9.300000e-01       9.1688240970    6.553028e-01 2.450098e-07 0.000000e+00 1.436744e-30 3.447376e-01
   9.310000e-01       9.1737374803    6.569479e-01 2.250713e-07 0.000000e+00 1.469870e-30 3.430993e-01
   9.320000e-01       9.1791257663    6.583265e-01 2.064769e-07 0.000000e+00 1.424466e-30 3.417268e-01
   9.330000e-01       9.1849072195    6.589000e-01 1.890316e-07 0.000000e+00 1.574833e-30 3.411585e-01
   9.340000e-01       9.1908417929    6.585023e-01 1.727162e-07 0.000000e+00 1.658611e-30 3.415600e-01
   9.350000e-01       9.1966386867    6.573790e-01 1.575867e-07 0.000000e+00 1.557740e-30 3.426857e-01
   9.360000e-01       9.2020799777    6.560535e-01 1.436188e-07 0.000000e+00 1.644166e-30 3.440118e-01
   9.370000e-01       9.2071077896    6.550884e-01 1.306898e-07 0.000000e+00 1.556151e-30 3.449762e-01
   9.380000e-01       9.2118400965    6.548489e-01 1.186936e-07 0.000000e+00 1.411321e-30 3.452134e-01
   9.390000e-01       9.2165118867    6.553684e-01 1.076175e-07 0.000000e+00 1.437707e-30 3.446906e-01
   9.400000e-01       9.2213700971    6.563622e-01 9.747856e-08 0.000000e+00 1.239529e-30 3.436927e-01
   9.410000e-01       9.2265689931    6.573739e-01 8.821667e-08 0.000000e+00 1.048669e-30 3.426764e-01
   9.420000e-01       9.2321102782    6.579810e-01 7.969206e-08 0.000000e+00 9.660946e-31 3.420647e-01
   9.430000e-01       9.2378510599    6.579683e-01 7.179030e-08 0.000000e+00 8.705203e-31 3.420728e-01
   9.440000e-01       9.2435727423    6.574000e-01 6.449552e-08 0.000000e+00 7.896313e-31 3.426372e-01
   9.450000e-01       9.2490782366    6.565661e-01 5.784191e-08 0.000000e+00 8.019693e-31 3.434677e-01
   9.460000e-01       9.2542744346    6.558403e-01 5.181495e-08 0.000000e+00 8.890093e-31 3.441912e-01
   9.470000e-01       9.2592054667    6.555138e-01 4.632973e-08 0.000000e+00 9.498686e-31 3.445162e-01
   9.480000e-01       9.2640252780    6.556812e-01 4.130284e-08 0.000000e+00 7.888609e-31 3.443483e-01
   9.490000e-01       9.2689248234    6.562197e-01 3.671352e-08 0.000000e+00 9.739428e-31 3.438103e-01
   9.500000e-01       9.2740479234    6.568631e-01 3.257625e-08 0.000000e+00 9.282982e-31 3.431681e-01
   9.510000e-01       9.2794327737    6.573298e-01 2.887096e-08 0.000000e+00 9.754835e-31 3.427030e-01
   9.520000e-01       9.2850028058    6.574440e-01 2.552741e-08 0.000000e+00 7.969980e-31 3.425909e-01
   9.530000e-01       9.2906077233    6.571987e-01 2.247973e-08 0.000000e+00 7.988757e-31 3.428385e-01
   9.540000e-01       9.2960936369    6.567404e-01 1.971364e-08 0.000000e+00 8.699426e-31 3.432990e-01
   9.550000e-01       9.3013698443    6.562890e-01 1.724565e-08 0.000000e+00 7.316728e-31 3.437522e-01
   9.560000e-01       9.3064433648    6.560355e-01 1.506778e-08 0.000000e+00 7.680609e-31 3.440074e-01
   9.570000e-01       9.3114083877    6.560631e-01 1.313205e-08 0.000000e+00 7.680609e-31 3.439810e-01
   9.580000e-01       9.3163984725    6.563244e-01 1.138953e-08 0.000000e+00 7.804350e-31 3.437203e-01
   9.590000e-01       9.3215252044    6.566783e-01 9.826680e-09 0.000000e+00 8.705203e-31 3.433666e-01
   9.600000e-01       9.3268312974    6.569619e-01 8.452744e-09 0.000000e+00 7.526534e-31 3.430828e-01
   9.610000e-01       9.3322777063    6.570640e-01 7.260993e-09 0.000000e+00 8.016202e-31 3.429801e-01
   9.620000e-01       9.3377677591    6.569664e-01 6.217559e-09 0.000000e+00 8.289202e-31 3.430769e-01
   9.630000e-01       9.3431946361    6.567391e-01 5.288634e-09 0.000000e+00 8.266091e-31 3.433031e-01
   9.640000e-01       9.3484891963    6.564980e-01 4.465597e-09 0.000000e+00 9.662391e-31 3.435432e-01
   9.650000e-01       9.3536468622    6.563479e-01 3.755666e-09 0.000000e+00 9.425983e-31 3.436923e-01
   9.660000e-01       9.3587234198    6.563384e-01 3.154849e-09 0.000000e+00 9.714391e-31 3.437009e-01
   9.670000e-01       9.3638044137    6.564509e-01 2.640476e-09 0.000000e+00 1.033069e-30 3.435876e-01
   9.680000e-01       9.3689642854    6.566169e-01 2.189925e-09 0.000000e+00 1.096829e-30 3.434211e-01
   9.690000e-01       9.3742345658    6.567560e-01 1.797361e-09 0.000000e+00 9.714391e-31 3.432817e-01
   9.700000e-01       9.3795945365    6.568131e-01 1.467248e-09 0.000000e+00 7.179867e-31 3.432245e-01
   9.710000e-01       9.3849862904    6.567784e-01 1.196796e-09 0.000000e+00 8.919102e-31 3.432593e-01
   9.720000e-01       9.3903448313    6.566838e-01 9.716963e-10 0.000000e+00 8.081202e-31 3.433542e-01
   9.730000e-01       9.3956279473    6.565814e-01 7.782647e-10 0.000000e+00 7.210682e-31 3.434568e-01
   9.740000e-01       9.4008323025    6.565170e-01 6.133730e-10 0.000000e+00 6.224606e-31 3.435216e-01
   9.750000e-01       9.4059899986    6.565105e-01 4.797847e-10 0.000000e+00 8.512610e-31 3.435284e-01
   9.760000e-01       9.4111494999    6.565527e-01 3.755939e-10 0.000000e+00 6.478828e-31 3.434866e-01
   9.770000e-01       9.4163515613    6.566148e-01 2.923641e-10 0.000000e+00 5.061344e-31 3.434248e-01
   9.780000e-01       9.4216120634    6.566656e-01 2.226403e-10 0.000000e+00 5.936198e-31 3.433741e-01
   9.790000e-01       9.4269183145    6.566860e-01 1.649902e-10 0.000000e+00 6.317050e-31 3.433538e-01
   9.800000e-01       9.4322392906    6.566748e-01 1.208615e-10 0.000000e+00 5.646827e-31 3.433651e-01
   9.810000e-01       9.4375426031    6.566449e-01 8.901915e-11 0.000000e+00 6.596310e-31 3.433950e-01
   9.820000e-01       9.4428094623    6.566143e-01 6.514434e-11 0.000000e+00 7.518831e-31 3.434256e-01
   9.830000e-01       9.4480408815    6.565963e-01 4.577920e-11 0.000000e+00 7.557349e-31 3.434435e-01
   9.840000e-01       9.4532535932    6.565950e-01 3.047194e-11 0.000000e+00 6.204504e-31 3.434448e-01
   9.850000e-01       9.4584693396    6.566056e-01 1.987008e-11 0.000000e+00 5.623715e-31 3.434340e-01
   9.860000e-01       9.4637038171    6.566197e-01 1.327426e-11 0.000000e+00 4.290972e-31 3.434199e-01
   9.870000e-01       9.4689606679    6.566299e-01 8.851599e-12 0.000000e+00 4.518713e-31 3.434096e-01
   9.880000e-01       9.4742324772    6.566333e-01 5.382700e-12 0.000000e+00 5.641049e-31 3.434062e-01
   9.890000e-01       9.4795068846    6.566309e-01 2.829046e-12 0.000000e+00 6.162976e-31 3.434085e-01
   9.900000e-01       9.4847737001    6.566264e-01 1.396593e-12 0.000000e+00 5.978087e-31 3.434131e-01
   9.910000e-01       9.4900292205    6.566226e-01 7.876404e-13 0.000000e+00 6.057050e-31 3.434169e-01
   9.920000e-01       9.4952761846    6.566209e-01 4.751863e-13 0.000000e+00 6.509643e-31 3.434186e-01
   9.930000e-01       9.5005204532    6.566209e-01 2.173431e-13 0.000000e+00 6.509643e-31 3.434186e-01
   9.940000e-01       9.5057670228    6.566217e-01 5.073958e-14 0.000000e+00 7.996943e-31 3.434178e-01
   9.950000e-01       9.5110177354    6.566224e-01 1.871183e-15 0.000000e+00 7.919424e-31 3.434171e-01
   9.960000e-01       9.5162714956    6.566226e-01 5.700058e-15 0.000000e+00 9.375427e-31 3.434169e-01
   9.970000e-01       9.5215261148    6.566227e-01 8.706856e-15 0.000000e+00 9.896511e-31 3.434168e-01
   9.980000e-01       9.5267801250    6.566227e-01 7.299635e-15 0.000000e+00 8.907426e-31 3.434168e-01
   9.990000e-01       9.5320333689    6.566226e-01 7.004095e-15 0.000000e+00 1.001484e-30 3.434168e-01
   1.000000e+00       9.5372863523    6.566226e-01 7.004095e-15 0.000000e+00 1.038461e-30 3.434168e-01
